0,1,2,3,4,5,6,7,8
0.99964774,1.140287e-05,2.0053716e-05,2.1829566e-08,2.0160633e-09,2.139272e-05,6.761322e-09,0.00029944003,7.592367e-09
0.97676975,4.1839612e-05,0.006250109,3.0092044e-06,2.4183237e-06,0.013784313,2.167173e-05,0.0021014938,0.001025384
0.9819608,0.00014354283,0.0024776894,7.545673e-05,1.0622306e-06,0.0033419407,5.500124e-08,0.011999162,3.064594e-07
0.99660444,1.6441847e-05,0.00037217326,1.6469819e-06,1.2845085e-06,0.0007347933,1.8850561e-09,0.002268526,6.297409e-07
0.9331136,7.4324234e-05,0.0018059282,0.0005738798,3.4545703e-06,0.049613874,9.04211e-06,0.01442484,0.0003810831
0.9741355,0.000811954,0.002560169,2.301976e-06,0.00046136926,0.00014824695,9.0532056e-05,0.019750929,0.0020390023
0.76233155,0.052447576,4.3285934e-07,4.5743462e-08,0.00014032659,0.07832967,4.9751748e-06,0.106732845,1.2574385e-05
0.99931526,7.814465e-08,6.634369e-07,2.1832864e-09,3.5688828e-08,7.791017e-06,4.6414445e-07,0.0006689902,6.7586834e-06
0.9996321,5.574529e-05,1.0575515e-07,2.7101474e-09,8.729562e-05,0.00019873705,1.2272365e-07,2.5665962e-05,1.7753948e-07
0.6993875,4.8028094e-05,1.1741919e-09,1.00036734e-08,2.340697e-06,0.30042434,8.804549e-09,0.00013753136,2.3889342e-07
0.9993529,1.1546645e-07,1.7429667e-08,2.6645347e-11,1.01347716e-07,0.0006403832,3.470681e-09,5.926073e-06,5.899826e-07
0.22475033,0.00025302064,1.6503802e-05,7.691424e-06,0.000621587,0.6538546,2.625404e-06,0.120486185,7.487395e-06
0.99931717,8.953247e-08,1.15054306e-07,3.6821344e-09,2.7887666e-07,0.00013963929,3.961668e-07,0.00054210523,1.9756975e-07
0.99329716,2.3113885e-06,3.072399e-05,4.6797247e-08,0.0016956674,0.0013958561,0.0026322543,6.6448197e-06,0.00093942235
0.5859938,0.23926096,1.5109274e-09,2.4798918e-08,0.001581776,0.16698758,3.9387442e-07,0.0008005671,0.005374884
0.9939329,0.005377218,3.0046376e-05,3.2698384e-08,8.407268e-06,0.00010561426,5.402051e-06,0.00036771418,0.00017268858
0.9987006,0.00019305869,1.789722e-06,4.6788418e-09,4.2333333e-08,0.00088166073,7.010262e-05,1.2903817e-05,0.00013977983
0.9941228,0.003537076,1.6346976e-06,4.7977203e-08,5.1319174e-05,0.000142218,5.3919334e-06,0.0014593558,0.0006802938
0.98183984,0.001628918,7.498874e-06,2.8110453e-08,0.00020914593,0.001682618,1.2299869e-05,5.139742e-05,0.014568264
0.9981646,4.591996e-07,1.2325697e-06,1.3322134e-08,2.9502957e-07,0.0015449778,2.9359459e-08,0.00028748796,9.352408e-07
0.99866223,5.212292e-05,1.9327047e-08,1.3318681e-09,6.288774e-08,0.0005189623,2.0723506e-08,0.00076655496,1.298787e-08
0.9984451,1.8771134e-06,0.00012101365,1.9949951e-08,4.7558635e-07,0.0008135826,3.1360362e-06,0.0006145433,2.1869074e-07
0.99673176,0.00030275364,2.4361425e-05,8.159996e-09,0.0017758025,4.1158186e-05,0.0010953612,8.814889e-06,2.0002582e-05
0.9999392,4.0851313e-09,2.0450341e-07,1.574706e-09,8.1284695e-09,1.886151e-05,3.35973e-08,3.7391015e-05,4.2754095e-06
0.00013353063,1.8297229e-05,1.2275237e-06,5.145747e-09,0.9962715,0.0029068307,2.7905978e-07,0.0006672038,1.1104536e-06
0.76332736,0.035772614,2.727472e-05,6.1039043e-07,0.00056375476,0.17063843,0.00062766206,0.0155600095,0.013482396
0.9981787,3.586992e-05,1.742516e-05,3.6977106e-06,2.1498166e-05,0.0002589824,1.4573381e-07,0.0010624891,0.00042109395
0.9999056,2.9604473e-06,2.622334e-11,1.3777636e-09,2.271301e-09,8.770692e-05,6.319876e-11,3.741942e-06,4.4794195e-08
0.43267483,0.4748692,0.002918737,6.3918964e-07,0.0005289304,0.087254755,0.0016613698,7.768461e-05,1.3890818e-05
0.88032335,1.0698044e-05,0.0029939867,1.1117418e-05,0.0007022134,0.10288607,0.00017997305,0.00018852454,0.01270417
0.9991541,1.2621158e-06,0.00061862974,4.3932613e-09,6.251592e-07,0.00015023172,8.3014775e-06,6.670187e-05,7.431758e-08
0.95481324,0.0010400474,3.448941e-05,1.045654e-06,0.00019777243,0.00039301152,1.1864084e-05,0.043504182,4.3068144e-06
0.9684796,0.00015358414,7.739136e-05,7.5607427e-06,2.7744449e-08,0.031224033,1.33867895e-08,5.5979333e-05,1.8419025e-06
4.8817856e-07,0.5129244,3.1603588e-06,1.41138345e-08,9.959541e-06,0.48699334,1.1634695e-06,6.7473826e-05,2.797443e-08
6.607378e-07,0.87144655,0.00017885081,1.9950194e-08,4.8342456e-05,0.1279402,2.0466283e-05,0.00035834897,6.5147956e-06
9.342153e-06,0.9982199,1.3519456e-06,1.243793e-09,3.044609e-08,0.0010022152,6.0813306e-07,0.0006128055,0.00015376534
9.1853013e-07,0.99995387,7.985124e-07,1.2784125e-10,1.9113702e-09,1.0832398e-06,3.8336967e-08,4.3072818e-05,2.8037826e-07
3.9942185e-07,0.99986947,3.875759e-11,1.5008876e-11,1.6615881e-07,0.00012982247,1.038383e-09,1.4720476e-07,3.5590952e-10
4.0066186e-07,0.99991643,1.3580287e-08,2.0684225e-11,7.362963e-11,1.7814806e-07,7.736659e-10,8.2976105e-05,1.0639531e-07
7.954245e-06,0.99642557,2.7008266e-08,5.3136806e-09,4.847472e-09,0.00022210294,4.442002e-08,0.0033442439,2.0671167e-09
1.6287382e-07,0.9972485,2.2727382e-10,1.26749965e-11,4.0286036e-06,0.0027472337,1.4276158e-07,2.5814395e-09,1.0505988e-09
1.7592338e-08,0.99984765,7.2049833e-09,9.102972e-12,5.180313e-05,7.0403425e-05,6.3451697e-09,3.001331e-05,2.98131e-09
4.958882e-05,0.93557125,3.3790042e-05,2.2209525e-08,1.6278273e-08,0.0001831127,7.335773e-07,0.06415939,2.0346213e-06
1.7026909e-09,0.9999993,1.1432797e-11,2.3108861e-14,2.4972496e-13,4.840312e-07,8.573217e-11,2.621827e-07,3.474995e-12
0.0011434155,0.99790466,4.3734926e-07,3.8408102e-10,6.2259154e-08,0.0003619875,1.0327207e-07,0.0005496138,3.977325e-05
0.0025571934,0.9734823,2.7979781e-06,1.4057972e-06,4.5323744e-05,0.007017787,6.142551e-05,0.016652783,0.00017903611
7.5316805e-08,0.99999917,1.5395143e-10,9.179074e-14,3.0873112e-13,1.1441364e-08,1.9562876e-11,7.0920095e-07,1.6090216e-09
7.497579e-10,0.99997306,5.6791363e-11,8.355101e-13,6.3025476e-07,2.9455125e-06,4.4357747e-11,2.334662e-05,1.00629144e-10
8.170225e-11,1.0,4.6171342e-14,2.7150398e-14,1.5958841e-08,5.4389194e-08,1.1320183e-12,3.6189988e-08,2.2547207e-12
4.727456e-09,0.9999975,2.8412534e-13,6.04285e-14,5.865104e-10,2.5566824e-06,3.3115973e-12,3.746839e-08,4.2588108e-10
4.5659526e-08,0.9999963,2.8755755e-13,1.2468698e-12,3.7719006e-09,3.1798452e-06,3.8138824e-12,4.850144e-07,7.9159584e-10
1.0753014e-08,0.999998,4.5629906e-12,1.9316937e-12,3.9982305e-07,1.0134436e-06,7.024699e-11,5.381963e-07,6.694803e-10
6.0534404e-11,0.9999999,4.614073e-13,4.6479886e-14,5.5126854e-08,3.4355537e-08,1.3092602e-12,1.474534e-07,3.0039307e-12
0.0017591674,0.19780467,2.6907725e-07,0.00019573742,0.0039501716,0.32590398,1.3664174e-05,0.46820804,0.0021642647
1.460804e-07,0.9984251,8.800084e-09,2.046759e-09,2.9929848e-07,5.660532e-06,3.4135697e-10,0.0015687003,7.962445e-09
1.1997823e-06,0.9997644,7.949248e-11,7.417772e-11,0.00020729587,2.4337705e-05,6.874625e-10,7.8898915e-07,1.959184e-06
1.02210464e-07,0.9988084,1.4390561e-10,8.2859636e-11,3.3504512e-07,0.00026932714,5.7975543e-12,0.00092179526,5.7017637e-12
4.3074774e-10,0.9999999,9.587543e-13,1.4314777e-15,1.2014188e-13,1.2489993e-09,5.784166e-13,1.0720253e-07,5.6581184e-11
3.6456254e-07,0.99989796,9.500677e-07,4.3996926e-10,9.068938e-09,4.557729e-06,9.337295e-09,9.573923e-05,4.4207457e-07
1.7813662e-07,0.9999962,7.359408e-11,1.5271086e-11,1.9806325e-06,6.814459e-07,2.3754796e-09,9.715847e-07,1.3762338e-09
3.4294666e-07,0.92701554,5.565326e-09,2.7714709e-08,0.00049156125,6.086082e-05,7.385137e-08,0.07243151,3.9142916e-09
4.1022064e-05,0.9955446,7.5024974e-07,9.235444e-08,4.5226116e-05,0.0014189779,1.4187173e-06,0.0029421607,5.652707e-06
2.023339e-09,0.9999999,7.3187706e-11,6.026034e-15,3.5908657e-14,7.3129485e-08,1.1676477e-11,1.0013454e-08,3.590724e-09
1.8920929e-07,0.9999651,1.0792213e-08,2.6673268e-11,1.1306271e-06,3.288813e-05,1.9318554e-08,7.3261634e-07,1.1200956e-08
2.136076e-05,0.9999732,9.7174e-11,4.4738037e-12,3.538802e-11,8.927247e-07,1.2666183e-08,4.419238e-06,2.145598e-07
3.7869737e-07,0.9935588,7.796692e-08,9.3043524e-11,6.63263e-09,6.8199433e-06,4.385053e-10,0.0064338655,8.571874e-09
2.577595e-08,0.99997675,1.0233183e-10,1.5329439e-12,1.0710257e-11,2.9072089e-08,6.169937e-11,2.3295976e-05,3.4199704e-10
1.1269217e-10,0.9999994,4.1905617e-14,1.3603417e-13,5.8153033e-09,6.4436495e-07,4.9960275e-13,1.4324026e-08,2.5755264e-11
1.5316134e-07,0.99961036,7.2409787e-12,9.926476e-11,2.0193002e-05,0.00036917097,1.439827e-10,1.3703561e-07,3.7342463e-08
5.8352514e-09,0.9999982,6.2281587e-15,4.5382328e-14,2.4186941e-09,3.5301248e-08,2.9478245e-13,1.7947701e-06,9.976756e-13
4.2199827e-11,1.0,2.5153427e-15,4.5533603e-15,1.8054125e-09,7.614987e-09,1.3265359e-13,2.9434265e-08,7.7818427e-13
7.097854e-08,0.99999964,1.5877193e-12,1.088229e-13,8.692116e-11,1.8922186e-08,1.2123816e-11,2.927467e-07,1.0869429e-09
6.6740426e-11,0.9999999,2.6431982e-13,1.241836e-15,2.9623502e-08,1.2110092e-07,1.0011273e-12,1.3970137e-08,1.5881552e-13
6.4955996e-10,1.0,8.4473235e-16,9.261199e-16,2.9592107e-08,9.732753e-09,3.5842165e-13,2.4429607e-09,1.3148014e-11
0.00010528182,0.99649376,1.0715015e-10,1.4419447e-11,5.1006603e-09,0.0033983882,4.1295394e-08,2.5425134e-06,6.7777486e-09
1.2472718e-08,0.9999907,5.4408296e-12,3.5195281e-13,3.9659567e-11,6.1010724e-07,6.301315e-10,8.655711e-06,1.7168628e-12
1.2472718e-08,0.9999907,5.4408296e-12,3.5195281e-13,3.9659567e-11,6.1010724e-07,6.301315e-10,8.655711e-06,1.7168628e-12
1.1381259e-06,0.9997855,1.6611862e-10,1.9487759e-11,5.638977e-12,0.00021323912,8.767568e-08,1.18204866e-07,1.5345318e-08
5.2174233e-08,0.99999404,1.2257743e-08,1.3136204e-11,6.430538e-09,1.458617e-06,9.776473e-09,6.9321764e-08,4.368677e-06
1.8819477e-10,0.9999957,1.657902e-09,8.776137e-12,2.3299515e-06,6.9312676e-07,3.821269e-09,4.6228323e-07,7.1449153e-07
0.0001526427,0.4795814,0.00015766153,1.3505236e-06,2.3236396e-06,0.007901634,0.5118306,0.00020807024,0.00016429892
7.796844e-06,0.9999616,1.8386713e-07,2.0685563e-10,9.027542e-09,7.2520124e-06,1.4211037e-05,6.0228494e-06,2.8776174e-06
6.3049454e-05,0.9842069,0.014042519,9.904079e-09,6.826782e-05,0.0007797598,0.0002705383,0.00016100642,0.00040794778
6.922827e-08,0.9984816,4.414067e-05,1.6797527e-08,0.00018443711,0.0012253775,5.0522203e-06,5.7452035e-05,1.8776868e-06
9.426266e-06,0.9999614,1.6384868e-09,2.2338984e-12,1.340517e-09,1.491725e-06,7.785952e-09,2.6989e-07,2.7426884e-05
1.4600026e-06,0.99992406,1.2444615e-05,5.2399578e-11,1.0148916e-05,4.8183443e-05,9.702443e-07,2.2352026e-06,4.7408565e-07
3.6117975e-10,0.9999908,1.7135987e-11,2.9349014e-15,2.2683727e-13,9.198856e-06,9.1940405e-12,4.434094e-11,2.8350282e-11
4.776021e-06,0.9989913,6.543133e-05,4.5815965e-10,3.4002398e-06,0.0006701063,0.00026424337,3.326198e-07,3.1610188e-07
4.776021e-06,0.9989913,6.543133e-05,4.5815965e-10,3.4002398e-06,0.0006701063,0.00026424337,3.326198e-07,3.1610188e-07
2.4924514e-06,0.9819634,0.000115648836,8.655509e-08,3.6426005e-05,0.01782323,2.9418932e-06,3.762005e-05,1.821294e-05
2.9120702e-08,0.9999157,1.8360373e-05,1.9177918e-11,7.909861e-09,6.565015e-05,2.769056e-08,1.5361896e-07,2.232999e-09
4.6459628e-11,0.99999726,5.562603e-10,6.241183e-16,1.6991876e-12,2.801049e-06,2.1394758e-10,4.750706e-12,3.1425216e-09
4.6459628e-11,0.99999726,5.562603e-10,6.241183e-16,1.6991876e-12,2.801049e-06,2.1394758e-10,4.750706e-12,3.1425216e-09
3.2089462e-10,0.99998534,4.7430078e-08,4.3005422e-11,1.16418846e-07,2.793254e-07,1.2269982e-07,1.4063338e-05,2.8132229e-08
5.475253e-08,0.9999366,1.3648727e-12,2.4348554e-13,1.4096675e-13,6.3299536e-05,1.10317505e-10,6.055399e-08,1.4386284e-09
3.4193786e-08,0.99999166,5.3253557e-10,5.9224484e-13,5.292681e-13,8.146719e-06,1.7739967e-09,1.1060481e-07,7.402111e-08
6.8593717e-09,0.9995646,1.3646101e-07,9.1618775e-11,7.2967273e-06,0.0004214822,8.928839e-08,1.7648923e-06,4.6060673e-06
2.4623929e-05,0.98109955,2.7964265e-05,3.211875e-07,0.00075446436,0.012926871,2.2924179e-07,0.0051659998,7.643496e-08
2.4623929e-05,0.98109955,2.7964265e-05,3.211875e-07,0.00075446436,0.012926871,2.2924179e-07,0.0051659998,7.643496e-08
2.4623929e-05,0.98109955,2.7964265e-05,3.211875e-07,0.00075446436,0.012926871,2.2924179e-07,0.0051659998,7.643496e-08
5.17719e-11,1.0,3.3402713e-13,5.691678e-17,2.8239687e-15,1.4127316e-09,1.7976929e-11,8.413947e-11,4.252764e-11
3.5927684e-07,1.8860957e-09,0.99999964,1.3327585e-10,2.3652223e-11,1.61926e-08,2.5867592e-13,3.638833e-09,4.026351e-14
3.964764e-09,3.1296936e-09,1.0,1.5033988e-11,5.036391e-11,6.554091e-10,2.2131124e-14,6.209773e-11,2.369192e-15
1.2646848e-08,2.1846422e-08,1.0,3.9251675e-11,6.811739e-12,8.196439e-09,4.9053423e-14,1.4724945e-10,4.5182703e-15
6.219383e-07,3.43791e-09,0.9999993,3.2417942e-09,2.6715871e-12,1.5657594e-08,6.655981e-13,9.047902e-08,1.588467e-12
9.197229e-08,7.866483e-10,0.9999999,2.0228975e-11,2.2336279e-11,2.8131284e-09,7.753329e-15,3.5614354e-09,2.5568753e-14
1.2212579e-08,5.794503e-07,0.99999917,8.62388e-10,5.1567417e-09,2.5499133e-07,9.192136e-12,3.4542644e-08,1.8387978e-13
3.0868333e-07,6.0923524e-09,0.99999964,3.466894e-11,2.3049786e-11,4.9063566e-08,1.5008928e-13,8.7773855e-10,1.6051378e-14
1.36033815e-08,4.2773252e-10,1.0,5.727087e-11,4.449522e-10,3.6938843e-08,5.728094e-14,1.7018148e-10,1.802803e-14
5.4318487e-08,1.7506769e-09,1.0,4.4421255e-11,7.880668e-12,2.9963478e-09,8.677164e-14,3.3027084e-10,6.881562e-13
6.94905e-07,5.2466852e-08,0.99999833,1.231918e-08,5.2040927e-10,3.017627e-07,4.5192175e-12,6.4610873e-07,1.9862354e-12
2.3106569e-08,4.27921e-10,1.0,8.2116564e-11,8.367099e-12,3.108811e-09,4.2201617e-14,8.3961876e-10,2.5176e-14
9.322666e-07,5.5041063e-08,0.9999988,1.283601e-10,4.3694098e-10,1.7882354e-07,6.8876786e-11,1.4993149e-09,1.5345223e-12
1.556426e-08,1.8949298e-10,1.0,9.687847e-11,5.937512e-11,1.3985362e-08,6.3128004e-14,6.616112e-10,9.939005e-15
0.0034850915,1.435576e-05,0.996476,8.291683e-09,2.5585145e-11,1.8884064e-05,2.2022903e-11,5.707627e-06,2.927092e-11
0.00011876637,5.361529e-08,0.99988055,2.1811657e-09,1.1684646e-10,5.8621174e-07,6.380726e-11,2.3718513e-08,7.32218e-12
1.9831843e-07,4.789414e-11,0.99999976,7.475229e-11,4.948874e-13,4.1148118e-10,4.6552456e-14,8.856544e-10,5.935257e-15
6.4542495e-05,1.0451083e-06,0.9999294,2.167218e-09,4.6858094e-11,4.3144096e-06,2.315439e-12,7.6279173e-07,9.516297e-12
0.00047354793,5.0794534e-07,0.99952257,1.0667638e-08,6.4659533e-10,1.8175397e-06,3.2602337e-10,1.5848674e-06,5.7429877e-11
6.6598865e-08,9.854358e-08,0.99999976,3.384507e-10,1.3589188e-09,3.4446938e-08,2.413786e-12,2.4058424e-09,8.982468e-14
9.003453e-09,2.5340268e-11,1.0,1.0222374e-11,8.6829957e-13,1.9594895e-11,7.787358e-15,4.0264145e-10,6.475852e-15
3.759089e-07,1.4765616e-05,0.99996054,9.632441e-09,6.9603544e-07,2.356568e-05,3.9819145e-10,5.848829e-08,4.7278896e-11
4.184056e-06,6.0767826e-07,0.99961215,1.1050006e-06,5.5614295e-05,0.0003247109,5.4375715e-10,4.971782e-07,1.1773827e-06
4.920153e-08,2.2461606e-09,1.0,2.6961472e-10,4.653017e-11,7.702898e-09,1.750858e-12,1.2906074e-09,3.430236e-13
1.0693919e-09,4.0671763e-10,1.0,9.512105e-12,1.6476055e-11,1.0178468e-10,2.5343712e-14,6.462317e-11,1.4801054e-14
6.7330164e-10,5.438582e-10,1.0,1.1081547e-10,1.4128432e-11,2.5847566e-10,7.334519e-15,6.8439476e-11,3.4652643e-14
1.2640747e-08,1.0839172e-08,1.0,5.6829735e-11,2.5438926e-10,1.9907866e-08,2.3471101e-13,1.0018473e-09,9.830414e-14
1.7608106e-07,2.8116371e-09,0.9999999,1.2365399e-10,2.2705221e-10,3.5097884e-08,8.0182735e-13,1.2052542e-09,1.549553e-13
2.1367983e-07,2.1572298e-08,0.9999995,1.7166604e-10,4.449496e-09,2.2536138e-07,1.3944974e-12,3.538953e-09,5.782244e-13
2.1471296e-06,2.2033582e-09,0.99999774,5.485555e-10,1.5829496e-10,9.278383e-08,1.6484749e-12,1.0647998e-09,2.7697568e-13
2.0094983e-08,4.6418364e-08,0.99999976,2.061839e-11,6.185509e-13,2.4616276e-07,8.5022525e-15,2.517763e-10,1.014133e-15
4.5996805e-07,1.4261407e-07,0.999997,1.1034337e-09,2.2712562e-10,2.3128282e-06,1.3433322e-12,9.699866e-09,7.66196e-14
6.6213546e-09,5.3633892e-11,1.0,2.448305e-10,1.4017126e-10,1.5274073e-09,1.0563809e-13,1.0058311e-10,4.546905e-14
4.094405e-08,3.4753026e-07,0.9999994,3.2768497e-09,8.029056e-10,1.7308678e-07,2.3361766e-12,5.5266007e-08,3.2792633e-13
1.1992946e-06,5.7772162e-08,0.9999968,3.4086124e-08,2.1396501e-10,1.0381376e-06,2.1418937e-12,8.5496157e-07,8.6926283e-13
3.2405556e-08,2.8749843e-08,1.0,1.0954302e-10,1.854093e-11,3.1029757e-09,1.03185276e-13,9.253639e-09,2.6260715e-14
1.5341132e-06,1.3774098e-07,0.999998,3.3119055e-10,7.165686e-10,3.1911506e-07,4.3041963e-12,2.3795163e-08,5.949303e-14
2.8086383e-06,2.7719307e-07,0.9999964,3.5911482e-10,5.654391e-10,3.7952861e-07,1.0766087e-12,6.3708425e-09,1.1746902e-13
4.3685833e-07,2.7976645e-05,0.9999436,4.3052196e-08,1.1019e-06,1.05509735e-05,4.2470788e-10,1.623845e-05,2.3123317e-10
8.5535696e-08,1.2918961e-06,0.99999225,8.1555923e-10,2.6552156e-08,5.510011e-06,2.9428532e-12,7.962009e-07,4.5024665e-11
7.184592e-08,5.503613e-10,0.9999999,4.517236e-11,7.9231295e-11,5.0563593e-09,3.6394927e-13,9.34918e-11,3.9190195e-14
1.7752951e-08,4.7202037e-10,1.0,1.1805975e-09,1.701474e-10,9.1953485e-09,9.5924774e-14,1.5249253e-08,1.2140006e-13
1.12345795e-07,4.98e-09,0.9999999,2.1474454e-10,2.434885e-09,3.69437e-08,1.1556076e-12,7.5215905e-09,5.46038e-13
6.9259876e-10,4.5242748e-10,1.0,9.7346166e-11,5.3244836e-11,8.0009016e-10,1.578856e-13,1.7833002e-09,5.6723957e-14
5.156108e-07,4.2876675e-08,0.9999993,5.796839e-10,4.150068e-09,1.5392554e-07,1.0546559e-11,1.223949e-08,1.1196958e-12
2.05558e-07,3.9390518e-09,0.99999964,3.5905912e-10,1.00733026e-10,6.911778e-08,4.366716e-13,5.792688e-09,6.0038935e-14
1.5181778e-08,1.878563e-10,1.0,3.1971228e-10,1.4671406e-09,2.2233328e-08,3.5669078e-13,2.4510212e-09,1.7892282e-13
5.5117307e-06,5.3347136e-08,0.99999344,2.9800733e-09,3.2244838e-09,8.617004e-07,1.0467203e-10,1.3501094e-07,5.9131015e-13
3.2995885e-08,2.5056862e-10,1.0,8.3495835e-11,1.7352597e-11,2.2070012e-09,4.932287e-14,3.3483963e-10,1.0419367e-14
1.1303494e-05,5.4239894e-07,0.9997875,5.284765e-08,6.999037e-09,7.7571356e-05,3.5031883e-10,0.00012301747,2.9439773e-10
1.1303494e-05,5.4239894e-07,0.9997875,5.284765e-08,6.999037e-09,7.7571356e-05,3.5031883e-10,0.00012301747,2.9439773e-10
1.1303494e-05,5.4239894e-07,0.9997875,5.284765e-08,6.999037e-09,7.7571356e-05,3.5031883e-10,0.00012301747,2.9439773e-10
2.8400936e-07,2.6388446e-07,0.99975985,1.1459316e-10,8.3079236e-13,0.00022956294,4.3516053e-08,9.410913e-06,6.196447e-07
1.1276152e-06,6.4627886e-07,0.066929676,2.9149561e-08,6.1138685e-09,0.9330188,2.5488636e-09,4.9591676e-05,5.3017327e-08
0.010579177,0.003941439,0.69139844,9.745273e-06,2.4199779e-05,0.28295392,1.4973885e-05,0.010328337,0.00074974674
9.1767276e-08,1.6044725e-08,0.9999293,1.533008e-09,6.64976e-11,6.7811554e-05,3.1182535e-07,2.3538382e-06,8.508707e-08
3.6834453e-07,9.344676e-08,0.9990134,1.0321412e-09,2.3931022e-14,0.0007081198,2.8935636e-09,0.00027797517,1.048605e-09
0.000601408,1.1293136e-05,0.998919,2.9451196e-06,2.428423e-06,0.0003105953,1.7324314e-06,0.00014756194,3.0268418e-06
2.4561596e-06,1.587961e-07,0.9857163,5.148532e-05,0.00014582952,0.013958028,0.000112413436,1.0850056e-06,1.2184239e-05
3.1848508e-08,2.676429e-09,0.999928,6.674369e-10,1.0879185e-09,7.107191e-05,9.3640085e-07,1.215865e-08,6.868727e-09
7.9052e-06,2.6767789e-06,0.032096818,3.4896561e-06,2.0458569e-05,0.93480146,1.8912859e-05,6.0711676e-07,0.033047687
1.5668158e-05,0.0004894942,0.061776105,8.613491e-06,0.012363658,0.893207,0.0026548863,2.1446105e-05,0.029463226
2.301653e-10,1.4403824e-09,0.99999344,4.9019118e-12,3.249662e-09,3.6327342e-06,2.96375e-06,1.2619548e-10,1.0547754e-13
1.8917103e-07,3.7876266e-06,0.9505169,1.6402004e-05,0.036639225,0.012730824,4.5917237e-05,6.1879705e-06,4.0621377e-05
2.9342743e-07,1.006923e-07,0.9898948,1.6220757e-09,4.712412e-05,0.002785844,0.0072709927,1.01985735e-08,8.224386e-07
2.2197143e-07,2.0559506e-07,0.9987521,5.442046e-08,0.00035399888,0.0006589175,0.00023440443,1.677182e-08,1.783867e-08
2.6521565e-10,1.599274e-07,0.99985147,3.1467908e-12,9.445971e-06,0.00013371605,5.2695677e-06,4.3632783e-10,1.7095907e-10
5.489648e-08,3.7219067e-08,0.99969554,2.340394e-08,5.645137e-06,0.00020547365,9.313398e-05,4.63884e-08,8.533511e-09
1.688464e-08,1.982444e-08,0.9927523,0.00025733485,1.9489684e-05,0.0069701117,1.7550912e-09,5.207642e-07,2.423463e-07
3.5558e-09,1.4604196e-07,0.9949615,1.0312373e-11,1.3733333e-08,0.00014834371,0.004890042,3.4848968e-09,2.342728e-11
7.211622e-06,5.1787476e-05,0.7653819,3.7397294e-05,0.00061406795,0.23078257,0.0030970615,1.30923645e-05,1.4986155e-05
1.419861e-05,9.132264e-07,0.9993292,1.1905727e-05,4.3637615e-06,0.00029036752,1.2900537e-06,0.0001573547,0.00019035216
4.69269e-10,1.3122948e-09,0.9918339,4.6000608e-08,1.11657414e-07,0.0081639495,1.9871788e-06,5.8414535e-09,3.819972e-10
3.3112974e-05,5.644672e-05,0.057127926,2.1503352e-08,1.3036529e-05,0.0012146285,0.94153047,1.40891425e-05,1.03588845e-05
7.263678e-08,1.3517723e-06,0.95859313,4.167412e-05,0.013643936,0.027608413,8.360917e-05,2.7612481e-05,2.5385532e-07
1.3459436e-06,3.0915103e-07,0.975196,4.2460886e-08,8.3724854e-07,0.00051875826,0.02428258,8.65766e-08,7.7626744e-08
0.00055815146,6.9230315e-05,0.77726465,0.059592545,0.00041422807,0.12995869,0.0016581191,0.0294352,0.0010492392
1.2464605e-08,4.438524e-08,0.99899906,1.2087329e-09,8.6777226e-07,0.0003096501,0.0006903279,5.472267e-09,5.059446e-09
7.939474e-06,0.0030749124,0.80386686,6.4919434e-09,4.8696944e-05,0.18174122,0.011255968,4.0447244e-06,2.4932027e-07
1.0400507e-06,6.1077767e-06,0.95827794,0.00026049162,0.0030512598,0.037596535,1.4531787e-07,1.8342887e-05,0.0007882202
1.6043423e-07,7.730809e-06,0.92412764,7.940589e-07,0.07059379,0.005196939,7.1174094e-05,1.6110292e-06,1.4038447e-07
8.075733e-05,4.7035683e-06,0.89864945,7.67107e-06,1.2374477e-09,0.098633856,1.5730979e-05,0.0025858306,2.2000433e-05
0.0017927128,0.00021093476,0.27369443,4.3565193e-05,0.008980035,0.17840248,0.00010205345,6.4704094e-05,0.536709
2.375351e-06,1.8263787e-05,0.76188076,2.3683178e-07,0.020548804,0.025470292,0.19206011,1.7913258e-06,1.7367947e-05
1.032702e-07,1.7894496e-07,0.9512207,9.680776e-06,1.06763586e-07,0.048760697,9.3581654e-08,8.371638e-06,2.829477e-08
1.803244e-06,1.3474532e-07,0.99984956,1.0150118e-08,7.923911e-05,4.7871657e-05,1.6957034e-05,4.0407567e-06,4.0107165e-07
1.20213e-05,1.220036e-06,0.99935573,2.6907063e-07,8.144972e-06,0.00031202074,2.3783443e-06,0.00029928717,8.914322e-06
2.4902768e-06,1.3621445e-06,0.99892235,7.266866e-08,2.0537277e-07,0.00091219024,0.00016049253,3.76464e-08,8.118577e-07
5.671159e-07,1.7322886e-07,0.9992399,2.728736e-05,4.5367844e-07,0.00072525727,1.8200415e-06,4.5392662e-06,1.8270411e-08
3.939168e-06,2.9296413e-07,0.91961485,0.00018988157,0.00039948072,0.079214804,0.0005758851,7.4594425e-07,1.02271635e-07
1.7583868e-06,7.5048442e-06,0.952414,1.265933e-06,0.013354924,0.032874443,0.0012278453,4.0891946e-06,0.000114053604
5.9751706e-08,3.262515e-07,0.99990654,1.7373454e-08,1.2523636e-06,8.6460685e-05,1.7818708e-07,3.247086e-06,2.019774e-06
4.232068e-06,5.518295e-06,0.50161415,3.3770154e-06,0.00010635274,0.49816787,2.761597e-06,1.567198e-06,9.414841e-05
6.875022e-06,4.167038e-08,0.51697737,1.1622161e-05,5.5927796e-09,0.48292205,2.490055e-05,4.78457e-05,9.2880755e-06
4.741983e-08,5.8157198e-08,0.561599,6.864308e-10,3.8713416e-08,0.43071246,0.007688353,4.2211518e-10,4.3012425e-12
9.071826e-08,2.6528275e-08,0.9500464,5.514623e-08,0.00034724156,0.049605843,6.729994e-08,2.7304049e-08,8.964905e-08
7.901688e-06,3.248374e-06,0.9999732,1.2816143e-09,2.6255017e-07,9.315988e-06,5.7658625e-08,5.6543463e-06,4.483263e-07
7.2242823e-10,1.1340314e-09,0.9996087,5.0034693e-08,3.205773e-07,0.00039089855,1.6084739e-08,1.0289051e-08,7.214698e-10
1.5453781e-05,3.2717744e-05,0.60415155,2.630462e-05,9.657224e-05,0.39541373,7.561658e-05,3.9021572e-05,0.00014907941
9.9880635e-06,2.5156249e-05,0.9223195,0.0024142633,0.029292341,0.04297916,2.8561262e-06,0.0028389476,0.00011787939
0.00015475083,9.182432e-05,0.14438127,4.0729192e-05,0.31186056,0.5419692,0.0014668874,2.0770221e-05,1.4032581e-05
3.1885645e-06,1.5559351e-06,0.9403007,7.855512e-06,4.5584225e-06,0.05967062,4.9157904e-07,1.0940427e-05,1.2170092e-07
5.5432946e-07,2.3968344e-06,0.99167836,1.505636e-08,3.1443342e-05,0.0062689115,0.0019865348,4.9607485e-07,3.1362633e-05
6.049657e-06,6.961286e-08,0.99997294,8.274109e-09,7.4502975e-07,1.3373849e-05,3.1451174e-07,1.7665144e-06,4.67801e-06
6.049657e-06,6.961286e-08,0.99997294,8.274109e-09,7.4502975e-07,1.3373849e-05,3.1451174e-07,1.7665144e-06,4.67801e-06
3.1010623e-07,5.032351e-08,0.9999933,1.7961063e-09,6.3406493e-09,5.026731e-06,1.3437788e-07,5.357633e-07,5.973841e-07
2.9266866e-06,8.7607134e-07,0.99278533,4.742435e-07,3.6669092e-06,0.0071982895,7.3194283e-06,8.369023e-07,2.8042368e-07
1.1708155e-06,4.7334464e-07,0.9974342,1.4592937e-06,3.1675378e-07,0.0019300642,0.0006261605,5.987687e-06,1.858778e-07
7.166538e-06,3.2782104e-05,0.9976858,3.8172978e-08,2.4267655e-07,0.0003103897,0.0019512876,1.1403033e-05,8.3711313e-07
7.166538e-06,3.2782104e-05,0.9976858,3.8172978e-08,2.4267655e-07,0.0003103897,0.0019512876,1.1403033e-05,8.3711313e-07
7.166538e-06,3.2782104e-05,0.9976858,3.8172978e-08,2.4267655e-07,0.0003103897,0.0019512876,1.1403033e-05,8.3711313e-07
1.67425e-06,1.2401043e-06,0.9946253,1.6081243e-07,2.723549e-06,0.0048589474,0.00050925167,3.1081328e-07,4.3571586e-07
1.67425e-06,1.2401043e-06,0.9946253,1.6081243e-07,2.723549e-06,0.0048589474,0.00050925167,3.1081328e-07,4.3571586e-07
6.806924e-08,1.91501e-09,0.99999666,1.1174479e-09,1.6180927e-10,3.080438e-06,7.718109e-09,1.7163404e-07,2.342706e-09
1.9161108e-07,1.2133597e-07,0.9998599,4.4634176e-09,3.4101655e-10,0.00013708128,2.4544986e-06,1.2443141e-07,1.8565926e-08
3.820351e-07,3.8669512e-07,0.99690396,7.731245e-05,0.00021121607,0.0009916697,0.0017581218,2.3950687e-07,5.6791254e-05
6.5485636e-07,2.459506e-07,0.9985902,2.700955e-07,3.9149513e-06,0.0013146591,8.969651e-05,3.1121033e-07,4.3800277e-08
3.4558717e-08,5.544129e-10,0.99973387,1.0665925e-08,1.3262165e-08,0.00023044444,3.555195e-05,1.1376617e-09,1.7894013e-08
1.7185262e-06,3.6287037e-07,0.9992588,6.744867e-05,1.4651203e-08,0.0006300897,3.7848828e-08,1.7174965e-07,4.1366155e-05
7.101985e-07,1.258433e-07,0.9996768,4.253689e-07,1.6702966e-08,0.00031937042,1.2290482e-09,2.0324633e-08,2.482894e-06
1.247166e-07,4.3719446e-08,0.9973711,1.3480854e-10,4.9824284e-10,0.002603816,2.4946403e-05,4.051491e-09,5.7859606e-10
1.7079437e-08,5.878624e-08,0.9963301,1.7182396e-08,4.7313508e-05,0.00020046002,0.003419056,4.0105843e-09,3.0570407e-06
1.7079437e-08,5.878624e-08,0.9963301,1.7182396e-08,4.7313508e-05,0.00020046002,0.003419056,4.0105843e-09,3.0570407e-06
1.7079437e-08,5.878624e-08,0.9963301,1.7182396e-08,4.7313508e-05,0.00020046002,0.003419056,4.0105843e-09,3.0570407e-06
1.3919408e-09,6.544374e-09,0.9995459,1.1933154e-06,1.8156616e-07,0.00045247318,1.5160347e-10,6.146748e-08,2.0104402e-07
2.507261e-07,5.0429502e-08,0.9993814,0.0003085818,6.593744e-07,0.0003068937,9.10305e-08,1.484576e-06,5.575565e-07
9.472695e-06,7.983681e-06,0.98850375,1.1397183e-05,1.2262213e-07,0.008063298,5.8704934e-08,2.739788e-06,0.0034012008
2.9176936e-08,1.6748068e-06,0.9998041,7.548754e-10,3.9144412e-05,2.2635333e-05,0.00013224714,6.709169e-08,4.912897e-08
1.0347591e-06,3.028458e-08,0.99784756,8.402318e-05,5.2770567e-08,0.0020624804,2.9015944e-06,1.5502287e-06,5.13588e-07
1.4912295e-08,7.04622e-09,0.9997142,2.7249264e-08,1.4577618e-05,0.0002691601,1.8533115e-06,4.6109104e-08,1.6346494e-08
6.0770236e-07,7.923151e-07,0.9969784,1.4299179e-08,1.9717008e-06,0.002308804,0.00070932694,8.692951e-08,4.651812e-08
6.0770236e-07,7.923151e-07,0.9969784,1.4299179e-08,1.9717008e-06,0.002308804,0.00070932694,8.692951e-08,4.651812e-08
1.1176863e-07,1.3095562e-08,0.999366,2.8663797e-08,1.6567562e-06,0.0006319887,7.4400575e-08,6.375773e-08,4.0484085e-08
1.8116806e-12,3.9637494e-13,0.99999213,3.727345e-12,1.8748668e-12,7.899962e-06,2.0071772e-08,1.6748212e-12,3.8848396e-16
1.8116806e-12,3.9637494e-13,0.99999213,3.727345e-12,1.8748668e-12,7.899962e-06,2.0071772e-08,1.6748212e-12,3.8848396e-16
1.1559417e-07,2.9488392e-06,0.99976677,1.5877426e-09,1.08057506e-07,0.00021662758,9.031479e-06,1.285382e-06,3.0737763e-06
1.62586e-08,2.3451683e-07,0.9988381,1.151865e-09,7.519307e-06,0.0011526025,1.5847672e-06,2.107806e-09,1.3858104e-08
1.62586e-08,2.3451683e-07,0.9988381,1.151865e-09,7.519307e-06,0.0011526025,1.5847672e-06,2.107806e-09,1.3858104e-08
2.8191667e-05,2.2215962e-05,0.9640571,2.6291082e-05,0.00013467383,0.028652558,0.0004239768,6.9436132e-06,0.00664807
3.679669e-07,3.3783333e-08,0.9977731,4.6392918e-07,5.7353786e-06,0.0021949436,2.4364537e-05,7.7252577e-07,1.5460422e-07
3.679669e-07,3.3783333e-08,0.9977731,4.6392918e-07,5.7353786e-06,0.0021949436,2.4364537e-05,7.7252577e-07,1.5460422e-07
0.00147794,2.352215e-05,0.90913,0.025222186,0.010006611,0.025116786,0.0002512626,4.714399e-05,0.028724618
0.00147794,2.352215e-05,0.90913,0.025222186,0.010006611,0.025116786,0.0002512626,4.714399e-05,0.028724618
0.00011539163,1.254306e-06,0.9996891,3.4123036e-09,2.5198844e-08,0.0001736476,2.5380727e-06,2.5253567e-07,1.7758312e-05
0.00011539163,1.254306e-06,0.9996891,3.4123036e-09,2.5198844e-08,0.0001736476,2.5380727e-06,2.5253567e-07,1.7758312e-05
3.929589e-06,7.79815e-08,0.97926587,3.5330454e-06,0.0021061872,0.008799748,0.009731906,2.8068464e-06,8.583688e-05
2.6031102e-09,9.274901e-09,0.99993,2.6587434e-09,8.724862e-07,3.459507e-05,3.445799e-05,2.2936462e-09,2.1137406e-08
4.1982803e-06,8.349178e-07,0.9899713,0.00040509363,1.8072196e-05,0.009008878,0.00055012846,4.100549e-05,3.521153e-07
2.8958371e-09,1.3106396e-07,0.99974686,3.093899e-10,1.341714e-07,2.9720655e-05,0.00022320825,1.7622594e-09,3.5270342e-10
2.8958371e-09,1.3106396e-07,0.99974686,3.093899e-10,1.341714e-07,2.9720655e-05,0.00022320825,1.7622594e-09,3.5270342e-10
2.8958371e-09,1.3106396e-07,0.99974686,3.093899e-10,1.341714e-07,2.9720655e-05,0.00022320825,1.7622594e-09,3.5270342e-10
5.1449785e-08,3.277385e-08,0.9987496,7.334454e-10,7.406887e-09,0.00079561706,0.0004546716,6.7746533e-09,3.971498e-10
1.6464851e-07,4.5669776e-06,0.9152241,1.9170655e-07,0.00031708257,0.08405324,0.0003441218,8.024423e-07,5.5779292e-05
1.6464851e-07,4.5669776e-06,0.9152241,1.9170655e-07,0.00031708257,0.08405324,0.0003441218,8.024423e-07,5.5779292e-05
1.6464851e-07,4.5669776e-06,0.9152241,1.9170655e-07,0.00031708257,0.08405324,0.0003441218,8.024423e-07,5.5779292e-05
1.6464851e-07,4.5669776e-06,0.9152241,1.9170655e-07,0.00031708257,0.08405324,0.0003441218,8.024423e-07,5.5779292e-05
3.4925526e-07,5.4782962e-08,0.99605405,7.4090214e-09,8.9289864e-07,0.00015061021,0.003793971,8.947235e-09,4.6235474e-08
6.987231e-08,2.3415769e-06,0.9994856,6.2886514e-09,1.8937856e-06,0.00046908716,4.05952e-05,1.4703812e-07,1.6639149e-07
4.616488e-06,2.7554272e-06,0.9983742,1.2254004e-08,2.8980648e-05,0.00063776167,0.00095149537,8.888454e-08,1.20989805e-08
6.4697505e-09,1.3159699e-09,0.99999857,6.35892e-10,1.2409005e-09,1.2934687e-06,2.5497718e-10,1.0322579e-07,7.604163e-09
6.4697505e-09,1.3159699e-09,0.99999857,6.35892e-10,1.2409005e-09,1.2934687e-06,2.5497718e-10,1.0322579e-07,7.604163e-09
6.650719e-07,1.2969478e-07,0.997787,3.211295e-08,1.7574152e-07,0.0022039309,7.838171e-06,2.5677463e-07,5.727338e-09
6.886991e-07,1.139843e-06,0.96341074,8.547731e-08,9.594258e-07,0.036557198,2.8326758e-05,6.7868617e-09,7.1316424e-07
7.49303e-07,9.180858e-08,0.99786204,0.000706618,3.1760337e-07,0.0014207001,8.6224475e-08,8.9911255e-06,3.053986e-07
2.160959e-09,1.7190402e-08,0.9971595,2.607529e-09,2.1969977e-07,0.0027984262,4.1845135e-05,5.837359e-10,1.0298707e-08
6.718965e-08,7.928893e-07,0.99986124,6.084331e-10,7.1700515e-06,0.00010766452,2.2995624e-05,2.001924e-09,1.0887905e-09
1.6449093e-08,4.667898e-09,0.9999324,5.7861205e-11,4.769218e-08,1.9185503e-05,4.8217815e-05,1.942016e-10,7.91947e-10
5.8062034e-07,3.048448e-08,0.998128,8.579527e-08,3.0279588e-07,0.0014740835,0.00039668323,1.9731866e-07,2.9158542e-08
2.0563036e-09,2.6585283e-09,0.9999597,9.016068e-12,2.623629e-09,2.8039893e-05,1.2317055e-05,7.367074e-11,1.7653423e-10
6.4754397e-07,2.0440518e-06,0.99995124,8.005864e-08,5.1736976e-08,3.7132126e-05,5.3284284e-06,2.6171515e-06,8.129482e-07
6.4754397e-07,2.0440518e-06,0.99995124,8.005864e-08,5.1736976e-08,3.7132126e-05,5.3284284e-06,2.6171515e-06,8.129482e-07
1.3164042e-05,3.703093e-05,0.9686809,3.2155913e-05,0.00035654238,0.023637764,4.620456e-05,1.888329e-05,0.007177357
1.3164042e-05,3.703093e-05,0.9686809,3.2155913e-05,0.00035654238,0.023637764,4.620456e-05,1.888329e-05,0.007177357
7.505947e-08,2.0113023e-07,0.9919268,1.8216693e-10,1.3607435e-06,1.7627246e-05,0.008053801,8.683558e-10,8.909284e-08
6.8062513e-07,7.8903945e-08,0.984306,7.661759e-06,2.5526117e-05,0.015652055,1.9209458e-06,5.4124175e-06,6.4209445e-07
6.8062513e-07,7.8903945e-08,0.984306,7.661759e-06,2.5526117e-05,0.015652055,1.9209458e-06,5.4124175e-06,6.4209445e-07
7.3073795e-07,1.9552894e-08,0.99935025,6.093325e-08,0.00015378333,0.0004931412,5.9902675e-07,8.441916e-08,1.300983e-06
3.4122937e-08,2.2774307e-08,0.9999757,2.0269906e-09,4.912087e-10,2.3772622e-05,3.7997452e-07,7.562279e-08,1.2733537e-07
6.7553815e-06,0.00024765325,0.93188316,6.705617e-06,0.0010968465,0.05713161,0.008934039,2.7921347e-05,0.0006654231
3.0038912e-08,1.2149964e-06,0.99999416,6.791607e-11,1.0300614e-09,2.4512208e-06,1.0688275e-06,9.511047e-07,3.6019753e-08
1.603062e-07,1.1446023e-08,0.9999981,5.5258076e-10,4.9684155e-07,4.3103321e-07,7.8308496e-08,4.7879314e-07,2.1767175e-07
1.9599984e-08,1.2713106e-07,0.99904364,2.6731634e-06,2.6007049e-06,0.0009497663,4.3582413e-09,1.748351e-07,9.994218e-07
8.809038e-09,2.0319747e-07,0.99706286,1.0224951e-06,6.958894e-05,0.0028634751,2.3298696e-06,3.600891e-07,2.402472e-09
1.4912435e-05,1.3439568e-05,0.045343082,1.1521099e-05,1.47744235e-08,0.37587067,3.0839475e-10,1.4576963e-06,0.5787449
2.2639344e-06,1.633588e-06,0.84627646,2.3164896e-05,0.000113425864,0.15335864,3.7661596e-07,0.00020298308,2.100444e-05
0.000108335444,3.3431475e-05,0.9983215,9.6007476e-08,7.084115e-09,0.0014181846,7.3050374e-05,4.132968e-05,4.038704e-06
4.6892496e-06,1.3954392e-05,0.94910055,0.00020615556,0.0013881909,0.04864578,4.574254e-06,0.0006255303,1.064175e-05
0.00016108273,8.719342e-06,0.7055987,3.2022324e-06,3.7596517e-05,0.2938122,0.00028939612,2.5294677e-05,6.3754895e-05
4.990543e-05,3.154203e-05,0.6616972,8.543641e-07,1.879108e-05,0.16174327,0.17623293,1.1030451e-05,0.00021445124
1.5809869e-06,2.2967795e-05,0.99926096,1.6190806e-07,0.00025906647,0.00035876932,1.9579145e-05,7.58247e-05,1.0360043e-06
6.6806286e-05,6.40353e-06,0.97935075,8.3226055e-08,0.00017119889,0.013102104,0.007291199,3.8020994e-07,1.1065629e-05
7.955089e-07,4.2587003e-06,0.986204,2.4682598e-05,1.7404625e-05,0.013665936,4.55342e-06,7.6779565e-05,1.5340564e-06
7.122085e-07,8.706965e-07,0.9999051,4.5484132e-08,1.3195547e-08,8.661795e-05,1.14716386e-07,6.268692e-06,2.6159262e-07
0.0019576794,0.00027843888,0.6411966,0.02544913,0.030729461,0.14413635,0.0033951388,0.152826,3.114018e-05
3.8605584e-05,8.011681e-06,0.81934834,6.953572e-05,0.0053947745,0.1743668,5.2778043e-05,0.0007206614,4.870573e-07
2.693793e-07,4.6289642e-07,0.99442935,7.843075e-07,1.23430855e-05,0.005145922,0.00040931284,7.875507e-07,7.942515e-07
6.382963e-06,1.1639153e-07,0.9504491,3.5951297e-07,1.5462182e-07,0.049541965,1.7106026e-06,1.206045e-07,3.459246e-09
4.892363e-06,0.00034889264,0.99721766,7.0243246e-08,6.467722e-07,0.00016794963,4.818011e-08,0.0022598002,2.456662e-09
2.381026e-07,2.3254204e-08,2.5872798e-05,0.9914786,0.0070513743,0.0013816806,1.9841826e-09,2.0433024e-06,6.0231774e-05
8.84139e-08,5.0692557e-09,0.0017329381,0.9856904,1.5739932e-06,0.012560865,1.2925044e-10,1.4051612e-05,1.106458e-09
3.2049456e-07,1.0539983e-07,0.040749934,0.6421919,0.00019416107,0.3168535,3.0228385e-08,7.760053e-06,2.2540548e-06
4.7341356e-08,4.7888943e-10,0.0004479073,0.9568798,1.23151525e-08,0.042671703,2.6926898e-08,5.067155e-07,1.0285953e-07
6.000444e-06,1.4756185e-07,7.6948716e-05,0.4423799,3.0470765e-05,0.55706483,2.6112932e-09,1.7843504e-06,0.00043997468
8.7025304e-10,2.5745883e-10,2.4713886e-06,0.9826606,6.0268367e-06,0.017232861,3.9236364e-11,9.7903474e-05,1.4708283e-10
1.1113583e-09,1.9640066e-11,0.0002271882,0.9576349,1.6509098e-07,0.04213738,6.7124453e-12,3.0667778e-07,4.804364e-09
2.3487107e-08,7.6172646e-10,1.0935127e-05,0.9999583,5.4434204e-06,2.430619e-05,1.368495e-11,9.755931e-07,7.961951e-09
8.4011895e-11,1.2249709e-13,9.7670565e-08,0.9944507,5.21829e-10,0.005549195,3.1647734e-15,3.0807694e-09,9.331175e-12
2.792449e-08,1.9366998e-10,1.164147e-06,0.9996289,1.5792737e-06,0.0003674038,7.926612e-11,9.293851e-07,1.4647183e-08
5.9071836e-09,3.1044858e-11,0.00035420925,0.9839775,9.3307136e-08,0.01566814,1.9608728e-09,3.1157196e-08,8.5021e-08
5.9071836e-09,3.1044858e-11,0.00035420925,0.9839775,9.3307136e-08,0.01566814,1.9608728e-09,3.1157196e-08,8.5021e-08
5.9071836e-09,3.1044858e-11,0.00035420925,0.9839775,9.3307136e-08,0.01566814,1.9608728e-09,3.1157196e-08,8.5021e-08
2.6753807e-07,3.0572636e-13,0.0003223449,0.9996717,9.7109245e-09,5.5427386e-06,4.6358033e-15,1.3682536e-08,7.411199e-08
3.210811e-07,4.7829944e-09,2.1996122e-05,0.99025565,1.1272297e-05,0.009707681,9.719291e-08,1.9176405e-06,1.1592992e-06
3.210811e-07,4.7829944e-09,2.1996122e-05,0.99025565,1.1272297e-05,0.009707681,9.719291e-08,1.9176405e-06,1.1592992e-06
1.2482573e-07,3.6974396e-10,0.0005502805,0.9931891,2.1080092e-05,0.006231352,4.074655e-09,8.022173e-06,1.3439044e-09
2.49358e-09,1.5431555e-11,2.0561887e-05,0.9987999,1.0001782e-08,0.001179517,1.9522379e-12,4.694086e-08,9.3679675e-11
3.7525028e-09,1.8464759e-08,1.261214e-05,0.9913721,0.0002542464,0.007947429,5.85997e-11,7.585272e-08,0.00041346895
3.07823e-07,4.883404e-09,5.3415377e-05,0.98031884,7.6107362e-06,0.019553877,1.0300516e-07,1.4743241e-06,6.4348955e-05
3.07823e-07,4.883404e-09,5.3415377e-05,0.98031884,7.6107362e-06,0.019553877,1.0300516e-07,1.4743241e-06,6.4348955e-05
2.1411756e-11,2.7230928e-12,6.1637046e-08,0.9999584,1.5070497e-09,4.1245057e-05,5.028421e-13,1.8500631e-07,8.677929e-10
1.4348927e-07,4.2493222e-09,0.0010358611,0.99071467,6.673899e-05,0.008169262,5.658741e-09,3.1542033e-06,1.0170986e-05
1.4348927e-07,4.2493222e-09,0.0010358611,0.99071467,6.673899e-05,0.008169262,5.658741e-09,3.1542033e-06,1.0170986e-05
1.2953252e-08,5.5764054e-10,9.214386e-07,0.039897352,2.8812156e-07,0.96010125,5.414457e-09,6.9438713e-09,1.2806109e-07
7.70802e-08,3.8680583e-09,2.6656073e-06,0.21634407,9.902063e-06,0.7836409,7.428501e-11,6.6264437e-07,1.69884e-06
1.6270483e-06,8.227122e-09,0.0028246066,0.98541695,0.0021932563,0.009561214,4.939212e-08,1.0084659e-06,1.2730042e-06
1.0212127e-09,8.43512e-11,5.2414274e-05,0.99937963,1.0859846e-06,0.00056522456,5.5678426e-12,1.7063591e-06,9.414284e-09
4.3235412e-10,4.058528e-12,1.1221379e-05,0.9991773,5.447614e-08,0.0008111551,3.4757895e-12,1.9447153e-07,6.198868e-11
6.234738e-11,1.7076634e-13,9.468752e-06,0.99991894,4.390549e-09,7.163278e-05,3.780762e-13,1.5668934e-09,1.3465888e-10
3.4314693e-10,2.5839096e-12,2.3310156e-06,0.99920624,1.688355e-09,0.00079141423,7.8708047e-13,4.0306812e-08,4.532821e-11
1.4773892e-07,1.8635527e-07,1.7164389e-06,1.8769564e-09,0.99987817,0.00011894087,3.2666618e-09,5.956656e-07,3.463262e-07
1.1735693e-06,9.3147726e-05,3.0426272e-05,5.488171e-08,0.987879,0.011971407,8.073986e-06,1.6754178e-05,4.2293784e-08
0.5426007,9.237318e-05,0.057579365,1.9089879e-05,5.0154144e-06,7.18387e-05,3.1160653e-07,0.39962652,4.6947844e-06
1.09230925e-07,8.826686e-06,4.767829e-06,1.4409368e-09,0.98507375,0.014897451,4.0188772e-09,1.50280075e-05,1.2589217e-08
1.3541596e-07,4.1397544e-07,5.2765237e-05,4.6812903e-07,0.9909225,0.009005915,1.9463296e-07,1.6197759e-05,1.3745727e-06
7.1579834e-08,3.38405e-08,3.4790173e-06,9.9592036e-08,0.9992061,0.0007614238,6.5036654e-10,2.8754006e-05,2.177934e-08
2.0390419e-11,1.0301781e-10,5.5926233e-07,3.1118958e-08,0.9998067,0.00019274386,4.243018e-13,1.4933701e-10,2.6682403e-09
0.00012892805,0.001075505,0.006182883,9.117488e-06,0.79663396,0.18971504,6.763355e-07,0.0062259114,2.8012362e-05
5.4210777e-06,4.7441594e-07,0.0006996278,4.6846287e-07,0.99872154,0.00045324833,6.207954e-07,0.0001142848,4.2533848e-06
0.024764575,0.005477964,2.9065106e-08,0.00010696504,0.5192791,0.29132873,1.6463526e-06,0.15903342,7.5574508e-06
1.1290081e-05,0.9607357,4.7482216e-11,3.5440537e-10,0.039015584,0.00022514322,2.5599523e-09,1.1870329e-05,3.306099e-07
5.7824647e-05,0.000119134325,1.7738392e-11,6.9554407e-09,0.99938536,0.00043208184,1.2153512e-08,1.4548922e-07,5.478125e-06
2.2648356e-08,2.8009999e-09,1.9688382e-08,8.222841e-11,0.99999166,3.793173e-07,3.1551514e-10,7.956749e-06,2.762853e-10
4.5428254e-07,1.508524e-06,3.892429e-06,1.2692952e-09,0.99991417,2.2339318e-06,2.9738982e-07,7.355795e-05,3.870061e-06
5.141708e-08,2.0926254e-06,1.6755834e-09,3.3791158e-12,0.99999547,5.660963e-08,2.9080421e-10,2.2360252e-06,1.0245808e-08
5.967615e-07,0.000106487154,1.124552e-09,2.3767542e-11,0.9998661,2.0670554e-06,5.7196243e-09,2.4664445e-05,5.3799727e-08
5.0818794e-09,5.5194355e-06,1.0898492e-08,8.929486e-11,0.99981016,5.6692162e-08,7.0587745e-09,0.00018428736,1.4795403e-09
1.8411189e-09,3.0844574e-10,9.913856e-08,9.680604e-11,0.9999845,1.5248224e-07,1.8385975e-11,1.5222188e-05,5.4815784e-11
3.2050198e-07,1.155537e-07,1.9234978e-06,1.0558309e-08,0.99978954,0.00014293403,9.2580194e-07,6.358412e-05,5.855477e-07
6.5780526e-08,1.015588e-05,1.5500381e-08,1.0578891e-12,0.99997294,2.1667558e-08,2.2522274e-08,1.6744052e-05,3.980941e-09
1.6446846e-07,3.8608331e-07,1.0065555e-07,2.5655061e-10,0.99993443,1.2821e-07,3.5319808e-08,6.482541e-05,1.0608464e-09
0.006781905,0.0016814406,1.0297246e-09,1.1098206e-06,0.96693176,0.024550736,2.0406108e-06,2.281121e-06,4.8763628e-05
1.9358095e-06,1.1826801e-06,2.0952974e-05,2.119372e-08,0.9993236,5.537599e-05,2.4336208e-07,0.00059659727,8.5178705e-08
0.001266809,0.00058777956,3.982778e-07,2.7205592e-08,0.99253815,0.0002989763,5.8237833e-07,0.0007370162,0.0045703077
3.7342998e-06,5.524679e-07,1.7665508e-08,5.204967e-10,0.995906,1.563083e-06,3.923518e-09,0.0040880865,1.7866006e-08
2.6543434e-09,5.912331e-08,1.3464625e-09,2.0675102e-11,0.99999225,3.3199012e-09,5.1600217e-09,7.6530005e-06,3.3844212e-11
2.8283753e-09,6.417092e-07,2.5238708e-07,5.710149e-10,0.99982625,7.477947e-07,1.0173237e-08,0.00017212723,2.978869e-10
0.0016198881,0.0003528956,1.1029177e-05,2.5722395e-07,0.9030131,0.0015325826,3.7125335e-07,0.09346288,7.028405e-06
0.00029401958,0.1270721,0.00027671934,2.7601493e-06,0.117410555,0.0015924559,1.4275547e-06,0.75327796,7.198639e-05
3.651551e-07,1.2768625e-07,2.5632652e-08,1.833756e-09,0.99909055,1.2176567e-07,4.5968502e-08,0.0009087583,6.901499e-10
1.2904883e-06,4.445328e-05,2.1968941e-05,1.373711e-08,0.877669,8.947545e-06,2.3936352e-07,0.12225418,8.5671985e-09
8.399407e-09,2.0858149e-09,3.1861015e-07,1.6256672e-10,0.9999232,6.716188e-07,4.918445e-11,7.578036e-05,1.4643512e-11
1.6897964e-08,2.2692642e-08,8.671524e-09,2.6364333e-11,0.99999213,3.5274585e-08,1.465588e-09,7.840883e-06,2.3240243e-10
2.8421816e-09,1.4571412e-05,1.0771456e-10,1.7101515e-13,0.9999635,2.7398876e-08,3.926145e-12,2.1866435e-05,8.869175e-13
5.1456736e-06,0.00015624247,0.0005081264,1.4834929e-07,0.99520445,0.00062917336,2.2605868e-06,0.0034914273,3.0751398e-06
2.619403e-06,2.3191744e-07,3.0553895e-07,1.2887109e-08,0.99989855,4.6297206e-05,8.027413e-06,4.2911848e-05,1.028186e-06
5.150055e-08,3.3095223e-08,7.1003214e-08,9.724918e-10,0.99959964,9.3213976e-07,5.4996953e-08,0.00039932135,2.0164517e-12
7.0700867e-09,9.491087e-07,3.6655492e-05,5.3752076e-11,0.9999027,7.770687e-06,5.2989075e-09,5.184795e-05,8.902498e-09
3.5957823e-06,0.0026923642,0.00083665055,1.9414564e-07,0.9765951,5.6717257e-05,6.569968e-05,0.019748122,1.5533288e-06
2.5465471e-05,1.886398e-06,9.2725916e-10,1.4155177e-09,0.9999409,2.9642259e-05,1.5164268e-08,1.8710879e-06,2.6343633e-07
6.913895e-09,1.1314473e-05,0.00017196272,5.7595355e-09,0.9997322,8.31215e-05,2.9511102e-07,1.1683527e-06,2.281422e-09
1.536075e-05,0.0022820663,3.6402427e-05,3.2237074e-07,0.9137075,0.0811404,3.4934594e-05,0.0026583788,0.00012462366
5.261785e-09,1.4485452e-06,1.03616124e-07,8.140717e-11,0.9984621,0.0015361069,5.0990803e-09,2.5121267e-07,2.1003327e-08
2.2460239e-05,3.7751466e-05,0.0015044203,2.0152468e-06,0.116755925,0.88082546,0.0007252606,9.42469e-06,0.00011729501
1.5491194e-05,0.0001999868,0.01178929,0.0051822397,0.010418722,0.9294045,1.0526539e-06,2.392051e-05,0.04296478
5.2102314e-06,0.00013943121,0.0010888806,4.3412652e-05,0.92504114,0.07080472,0.0016965711,4.3780605e-05,0.0011368573
3.4365472e-05,4.0901028e-05,0.2230797,3.911138e-05,0.061783176,0.6807876,0.005238828,4.3166405e-05,0.028953135
4.756595e-06,1.862229e-05,0.7295193,3.511745e-06,0.06817468,0.070474036,0.13178612,1.3831496e-05,5.2413343e-06
1.9439689e-05,0.007420663,0.00042604728,9.920663e-06,0.043434627,0.9118176,3.990795e-06,9.313838e-05,0.03677457
4.448528e-06,0.013455018,0.6517656,4.0841733e-06,0.088617474,0.24502252,0.0002554351,0.00023298568,0.000642409
1.02437234e-07,2.973155e-08,9.13029e-05,8.064679e-05,0.98968667,0.010126836,1.7835649e-07,2.4249832e-06,1.1784587e-05
8.632522e-11,1.8080887e-10,1.843358e-08,1.3930277e-08,0.99999404,1.10052895e-07,2.049432e-09,1.187462e-10,5.8567e-06
4.494875e-06,0.001351967,3.6204186e-05,6.690765e-09,0.9621371,0.036468938,1.2140359e-06,1.304924e-07,1.3119285e-08
6.789136e-06,1.5452383e-06,0.00017012203,0.02148754,0.69246155,0.28574446,1.2216605e-06,1.1339667e-05,0.0001154211
1.3651017e-05,0.00048915955,0.16089925,4.0301086e-07,0.79214764,0.04213228,0.0031096328,1.563161e-05,0.0011924262
3.4685786e-07,3.1256322e-06,1.8205816e-06,7.433021e-06,0.09143576,0.90123624,1.4854548e-06,3.6117558e-07,0.0073133884
5.9358037e-08,6.755435e-06,9.6006814e-05,9.406851e-08,0.9997241,0.00014905278,1.0890525e-05,1.327538e-07,1.2900482e-05
2.0705887e-08,5.2232913e-08,9.540399e-06,3.0288402e-07,0.9999527,3.3666314e-05,3.3287895e-07,4.1819302e-08,3.3104861e-06
7.400833e-08,3.5887468e-05,0.009617669,7.314814e-06,0.7574632,0.23267126,2.0155894e-06,0.00020169622,8.9083863e-07
9.8602044e-08,1.9233098e-06,4.321597e-05,2.9304301e-06,0.9997423,0.00019256609,5.9914264e-06,5.8991594e-07,1.0343031e-05
1.7876756e-10,3.139876e-09,6.9944285e-08,9.570988e-06,0.9999771,1.2117626e-05,2.9554453e-10,2.8604064e-09,1.0520513e-06
2.4534097e-09,1.2594961e-09,4.9539747e-08,1.926313e-07,0.9999994,3.1758537e-07,4.884411e-09,4.7626786e-10,8.078113e-08
8.64616e-09,8.269158e-06,3.2505337e-05,9.2276665e-08,0.9998667,9.0660105e-05,8.313576e-07,1.898855e-07,7.4095806e-07
2.7911028e-08,1.855952e-08,0.02269705,8.6357915e-08,0.9763742,0.0009238762,4.095533e-06,3.5077673e-07,3.106548e-07
5.8339294e-05,0.0006220884,5.8742487e-05,8.5181824e-07,0.75232166,0.24306536,0.0029296495,6.2605604e-06,0.0009370195
3.771791e-07,5.609637e-08,9.055698e-05,0.00018898964,0.98839754,0.0112697305,2.505093e-08,6.3916843e-07,5.206864e-05
1.7053105e-07,3.563813e-08,4.9284925e-05,8.472682e-05,0.9856888,0.0008112095,6.243519e-06,6.875745e-07,0.0133587895
2.925383e-07,6.6179894e-07,1.1242703e-05,5.7106727e-06,0.95779127,0.0063591674,3.5737635e-06,6.9288234e-07,0.035827402
0.022720601,0.07403447,0.7547699,3.8692065e-06,0.0050197323,0.042992122,0.0026756846,0.059675593,0.03810802
2.034465e-08,5.330725e-09,3.6328215e-06,5.221411e-07,0.99826705,0.0017267144,1.4949219e-08,1.1345165e-08,2.0093e-06
4.7982947e-08,4.9891116e-07,0.98743457,0.0003719122,0.008636437,0.0030276573,1.993806e-07,8.955103e-07,0.0005278696
7.828277e-06,3.5387606e-07,0.00013040811,4.3340937e-05,0.81136036,0.18452717,0.00391412,1.1184994e-05,5.260972e-06
4.5507122e-11,6.077522e-09,9.5927625e-08,3.0042593e-11,0.9999962,3.3170202e-06,3.4117997e-07,1.4397201e-11,1.5847007e-08
3.34823e-10,7.392151e-09,1.7910661e-08,1.4744594e-09,0.999998,1.9642873e-06,1.4120747e-08,4.734504e-10,2.6859098e-08
1.07166e-10,2.8646413e-10,5.9695924e-07,1.506915e-08,0.9999733,2.5085184e-05,1.8046318e-08,6.016904e-11,9.921175e-07
0.00010679142,0.0019857776,0.20567246,8.400762e-05,0.062417332,0.72629774,0.0019017826,0.000666303,0.00086786086
2.1496313e-05,2.3677842e-06,0.0017051006,5.5650733e-05,0.7882036,0.20922616,0.0007824558,1.2244743e-06,1.9986303e-06
1.6144241e-06,2.0690419e-05,0.11936984,9.964733e-06,0.57680845,0.11698143,0.18571523,6.353811e-07,0.0010920959
2.0884584e-06,5.814439e-06,0.6428782,0.00033783267,0.033409774,0.29793477,0.00037746603,1.9662389e-06,0.025052138
0.0002672584,2.6560264e-07,0.017817654,0.012176109,0.11597141,0.8534137,2.170538e-06,0.0003019833,4.93754e-05
1.9006158e-08,4.9770232e-08,1.7612366e-07,9.6159065e-06,0.99996626,1.9701021e-05,9.8281994e-08,5.7852876e-08,4.0253117e-06
4.8648516e-09,3.5032754e-11,1.6472456e-09,1.0439945e-06,0.99998844,9.826104e-06,3.491392e-09,7.1528397e-09,7.362939e-07
1.1277193e-10,5.294589e-13,1.5842024e-06,3.487924e-08,0.99999547,3.0006654e-06,2.8146693e-11,9.590784e-11,1.4094819e-09
3.563358e-05,4.8271827e-06,0.0005609316,3.8568182e-06,0.21610478,0.7809723,0.0014810098,1.2441385e-06,0.0008353242
2.0516989e-08,3.6340115e-11,8.450196e-08,5.299501e-07,0.99997175,2.6709264e-05,8.871956e-09,1.3598599e-10,8.1731116e-07
9.878844e-06,1.1049039e-05,0.013127255,0.00011144161,0.93390423,0.04803902,0.0037105514,1.0483132e-05,0.0010761555
5.0525455e-09,2.9521758e-09,0.00010625275,2.6992768e-07,0.9649325,0.034960553,2.9706462e-09,4.808151e-09,3.1605518e-07
4.015527e-08,2.2488715e-07,3.2366104e-06,3.6145502e-07,0.9999596,2.3218723e-05,1.4842694e-06,2.7893476e-08,1.1787836e-05
1.5120264e-07,7.117092e-07,1.8377491e-06,1.4260021e-06,0.9996741,0.00031464885,1.6316865e-07,3.063226e-08,6.8502613e-06
8.419455e-06,6.169306e-06,0.0001317503,0.001004368,0.9507094,0.0061938097,0.0006856267,5.654702e-06,0.041254744
1.6820694e-07,1.5807784e-08,3.4843335e-06,2.6230552e-07,0.9996332,0.00034246364,1.6728309e-05,5.4262536e-08,3.4985549e-06
1.3272661e-08,7.00713e-08,1.0295365e-07,4.129601e-08,0.9979826,0.00084734877,1.706872e-08,7.9436246e-10,0.0011698013
4.0467614e-05,0.0011816957,0.00022172063,9.745355e-05,0.8358021,0.11880656,0.00021750458,1.6901153e-05,0.04361565
0.00040842514,9.121883e-07,0.002345921,0.00013056517,0.88521427,0.111295834,0.00045232908,1.7164099e-05,0.00013463205
1.1079397e-05,1.4239678e-05,0.0038031477,7.903218e-06,0.9414471,0.02808715,0.0262025,9.18491e-07,0.00042609038
3.4673833e-11,8.16728e-10,1.09435545e-08,1.693756e-11,0.9999976,2.4129595e-06,1.7450162e-08,7.453402e-11,2.6922714e-10
1.08995896e-10,1.63927e-11,7.1236207e-07,6.7750225e-06,0.999992,4.901982e-07,1.4899507e-10,2.444035e-10,1.1330672e-09
4.2018733e-06,0.00019959516,1.2081169e-06,1.373575e-08,0.9975235,0.0020963254,3.3819265e-06,3.3659845e-07,0.00017148563
2.2206088e-06,2.9159337e-06,0.0014335398,2.082572e-05,0.9971523,0.001352884,3.3280937e-06,2.588554e-05,5.948158e-06
6.6938505e-08,4.9400573e-09,6.294487e-07,2.161257e-05,0.9998357,0.000132958,1.0830325e-08,7.354015e-08,8.866254e-06
6.6938505e-08,4.9400573e-09,6.294487e-07,2.161257e-05,0.9998357,0.000132958,1.0830325e-08,7.354015e-08,8.866254e-06
1.184785e-05,3.6551191e-06,7.040218e-05,1.7999597e-06,0.92454076,0.04981286,0.02514038,1.0273707e-06,0.0004172942
7.0586054e-08,3.1065672e-06,5.3670014e-06,2.88769e-07,0.9942368,0.0056019453,1.9659441e-07,5.4328922e-08,0.00015213004
1.0072185e-06,1.0544185e-07,3.190756e-05,6.9821035e-05,0.9969369,0.00095244707,1.5574013e-05,2.1975245e-06,0.0019899567
1.0072185e-06,1.0544185e-07,3.190756e-05,6.9821035e-05,0.9969369,0.00095244707,1.5574013e-05,2.1975245e-06,0.0019899567
1.2197883e-05,1.5588308e-06,7.749975e-05,4.2395036e-06,0.9989619,0.000741777,1.34199745e-05,3.3417848e-07,0.0001871859
1.2197883e-05,1.5588308e-06,7.749975e-05,4.2395036e-06,0.9989619,0.000741777,1.34199745e-05,3.3417848e-07,0.0001871859
6.436826e-06,5.028073e-06,0.067647085,0.00012890741,0.92842346,0.0035870355,0.00018060129,1.228692e-05,9.15788e-06
1.150867e-06,9.388231e-07,9.7266784e-05,5.5632477e-06,0.98292637,0.015973499,1.23029395e-05,7.580537e-05,0.00090723985
2.2127972e-08,7.5583494e-06,0.0056040077,2.0698887e-07,0.9899754,0.0041572847,0.00025473317,6.78737e-07,1.2846154e-07
2.2127972e-08,7.5583494e-06,0.0056040077,2.0698887e-07,0.9899754,0.0041572847,0.00025473317,6.78737e-07,1.2846154e-07
1.25515635e-05,2.3330929e-06,0.0021581317,0.0030346382,0.9690902,0.018765518,6.574978e-08,5.5681676e-06,0.006930902
2.5892954e-08,1.8027539e-07,8.010431e-07,0.00010051769,0.99982893,3.036595e-05,3.055682e-08,9.233902e-08,3.9044797e-05
5.835436e-07,2.884013e-05,8.759e-05,0.004344175,0.9670545,0.0092640435,6.385578e-08,2.994799e-06,0.019217288
5.835436e-07,2.884013e-05,8.759e-05,0.004344175,0.9670545,0.0092640435,6.385578e-08,2.994799e-06,0.019217288
1.12126445e-05,1.7688346e-07,8.176974e-05,0.00028790574,0.9947784,0.0038636448,5.4198125e-07,3.3989952e-05,0.0009423263
1.12126445e-05,1.7688346e-07,8.176974e-05,0.00028790574,0.9947784,0.0038636448,5.4198125e-07,3.3989952e-05,0.0009423263
1.12126445e-05,1.7688346e-07,8.176974e-05,0.00028790574,0.9947784,0.0038636448,5.4198125e-07,3.3989952e-05,0.0009423263
1.3270681e-09,2.82412e-08,1.3804913e-08,1.169519e-10,0.99999666,6.196349e-07,4.6445208e-09,2.6809905e-06,9.28308e-12
1.3270681e-09,2.82412e-08,1.3804913e-08,1.169519e-10,0.99999666,6.196349e-07,4.6445208e-09,2.6809905e-06,9.28308e-12
1.3270681e-09,2.82412e-08,1.3804913e-08,1.169519e-10,0.99999666,6.196349e-07,4.6445208e-09,2.6809905e-06,9.28308e-12
2.3062081e-07,2.036091e-07,9.290395e-05,2.091628e-05,0.9941375,0.0003164881,3.2994728e-07,1.2527838e-06,0.0054301233
1.8548034e-06,4.548331e-07,0.011231792,0.00028701194,0.9420786,0.021653032,6.384052e-07,2.9676157e-06,0.024743516
1.8918968e-07,2.2478295e-09,3.0392926e-05,3.4027165e-05,0.99960977,0.00027262638,1.7998853e-07,3.6232302e-07,5.252358e-05
1.8918968e-07,2.2478295e-09,3.0392926e-05,3.4027165e-05,0.99960977,0.00027262638,1.7998853e-07,3.6232302e-07,5.252358e-05
1.8331367e-06,2.0792939e-07,7.5811426e-05,5.075022e-07,0.98063034,0.01906739,0.00015864387,6.412001e-08,6.5113636e-05
1.8331367e-06,2.0792939e-07,7.5811426e-05,5.075022e-07,0.98063034,0.01906739,0.00015864387,6.412001e-08,6.5113636e-05
9.457058e-09,3.7060482e-07,6.200825e-07,3.5112176e-08,0.99976426,0.0002334935,4.5289949e-07,1.2410527e-08,7.155344e-07
3.9460903e-07,2.5782617e-06,1.4191358e-05,1.1818543e-07,0.9953537,0.0031265607,1.4355924e-06,1.8352907e-08,0.0015009067
8.172749e-09,9.869375e-09,2.405212e-07,2.2735263e-07,0.99981767,1.0094709e-05,7.201219e-10,9.990068e-10,0.00017177057
8.172749e-09,9.869375e-09,2.405212e-07,2.2735263e-07,0.99981767,1.0094709e-05,7.201219e-10,9.990068e-10,0.00017177057
1.1460172e-06,1.1389575e-05,3.929881e-05,1.816631e-07,0.9877413,0.012076809,4.8012393e-05,2.4497834e-07,8.160006e-05
3.7433607e-09,2.7434537e-09,2.5774622e-07,9.1662336e-08,0.9996339,3.6911464e-05,1.681126e-09,4.5589747e-11,0.00032877416
8.076978e-06,2.392848e-06,0.00048742592,0.00010408057,0.96484995,0.034145474,4.166712e-05,4.554506e-06,0.00035640056
2.0921715e-09,7.758849e-08,3.643744e-06,5.6584395e-09,0.9978073,0.0021887582,2.187746e-07,2.9278373e-09,1.5500184e-08
2.0921715e-09,7.758849e-08,3.643744e-06,5.6584395e-09,0.9978073,0.0021887582,2.187746e-07,2.9278373e-09,1.5500184e-08
9.5453085e-09,3.657164e-08,2.4029296e-05,4.4260707e-07,0.9993825,0.000591243,2.274587e-08,3.2221203e-09,1.6434593e-06
4.3398463e-09,1.09066915e-08,1.5652865e-06,4.4869486e-07,0.99973446,0.00014207314,1.2367365e-08,2.3809898e-09,0.00012138458
2.775411e-08,5.7503737e-08,4.5087778e-05,6.70706e-07,0.9801191,0.01982998,1.1800569e-08,4.4001267e-06,6.8512986e-07
1.1009556e-10,3.2273864e-11,6.771318e-09,9.513645e-06,0.9995802,0.00041028493,1.973399e-12,1.0199848e-09,1.7147183e-08
1.0111428e-08,1.0072506e-08,0.00019538785,1.5761977e-06,0.9997936,3.3316626e-06,6.1245178e-06,1.3712814e-08,1.35926115e-08
4.030882e-07,1.3089453e-05,5.169771e-05,1.5868151e-06,0.99680567,0.0023319682,3.913484e-05,1.0432593e-06,0.0007554237
4.030882e-07,1.3089453e-05,5.169771e-05,1.5868151e-06,0.99680567,0.0023319682,3.913484e-05,1.0432593e-06,0.0007554237
5.5670718e-08,2.1233285e-08,0.0013691627,0.00035772688,0.99587727,0.001437989,2.7345532e-06,1.1870157e-07,0.0009549345
4.3378514e-06,3.2487318e-07,0.00018646836,0.0012137183,0.972023,0.026106648,3.25375e-06,4.6824496e-07,0.0004618139
4.3378514e-06,3.2487318e-07,0.00018646836,0.0012137183,0.972023,0.026106648,3.25375e-06,4.6824496e-07,0.0004618139
4.3378514e-06,3.2487318e-07,0.00018646836,0.0012137183,0.972023,0.026106648,3.25375e-06,4.6824496e-07,0.0004618139
2.5550048e-07,1.3924135e-05,2.3175962e-05,2.1817276e-07,0.9968861,0.003041482,2.028678e-05,1.2406002e-07,1.4386508e-05
5.3586433e-08,1.9293823e-06,1.0101695e-05,1.1577056e-05,0.9986526,0.0013195125,2.600072e-07,8.433385e-08,3.8441253e-06
6.161334e-06,2.3705734e-07,0.00028157738,0.008029296,0.96437055,0.027211672,4.1771737e-06,8.380129e-05,1.2450463e-05
6.5504313e-10,3.1309576e-11,7.0823417e-06,2.265311e-06,0.9999851,5.244756e-06,2.1974296e-09,3.2214803e-10,3.730991e-07
8.953055e-07,7.4700104e-08,3.4786644e-06,0.00018426978,0.9988085,0.00079356146,4.990467e-06,8.9328427e-07,0.00020325441
2.1747051e-07,2.098443e-06,0.0001650205,1.395893e-06,0.99941385,0.00027808154,6.5537526e-05,1.1973457e-06,7.2746414e-05
2.2206564e-07,4.9278384e-08,2.3650864e-06,5.630314e-06,0.9947596,0.00084154645,1.2983752e-06,5.71735e-07,0.0043887454
2.2206564e-07,4.9278384e-08,2.3650864e-06,5.630314e-06,0.9947596,0.00084154645,1.2983752e-06,5.71735e-07,0.0043887454
9.105594e-06,1.0765458e-05,0.037509836,4.0514565e-06,0.84599894,0.115125865,0.00078553695,5.0585427e-06,0.0005508234
2.838577e-09,2.8869882e-08,0.00021642142,6.072665e-08,0.9971041,0.0026735228,5.6171816e-06,4.16755e-09,2.449119e-07
2.4687405e-10,5.6243525e-08,5.8588967e-08,5.249104e-09,0.9999924,7.4649056e-06,1.3140011e-08,1.7798944e-10,2.5647667e-08
3.1472024e-07,4.6068567e-09,0.00038590882,1.5216095e-06,0.99735475,0.0022458858,1.6225303e-07,1.4593088e-07,1.1317618e-05
3.1472024e-07,4.6068567e-09,0.00038590882,1.5216095e-06,0.99735475,0.0022458858,1.6225303e-07,1.4593088e-07,1.1317618e-05
1.4857525e-11,1.3723683e-10,2.2212632e-08,6.771139e-08,0.9999995,3.3911277e-07,1.7399662e-10,2.1297042e-11,6.569977e-08
1.4857525e-11,1.3723683e-10,2.2212632e-08,6.771139e-08,0.9999995,3.3911277e-07,1.7399662e-10,2.1297042e-11,6.569977e-08
3.2217065e-09,1.4362014e-10,1.1822534e-07,2.4740546e-08,0.99999964,2.1001686e-07,2.1851065e-09,8.590181e-10,2.3620476e-08
3.2217065e-09,1.4362014e-10,1.1822534e-07,2.4740546e-08,0.99999964,2.1001686e-07,2.1851065e-09,8.590181e-10,2.3620476e-08
8.649327e-09,1.3017468e-10,3.9556273e-08,9.887309e-08,0.9999753,2.414426e-05,4.7491294e-10,3.41861e-09,5.1919505e-07
8.649327e-09,1.3017468e-10,3.9556273e-08,9.887309e-08,0.9999753,2.414426e-05,4.7491294e-10,3.41861e-09,5.1919505e-07
1.6822831e-08,1.7352847e-11,8.6880966e-08,8.058971e-05,0.9986382,0.0011928112,2.043403e-10,5.013421e-08,8.819795e-05
1.2955912e-08,5.6918942e-08,2.6298927e-05,9.363558e-07,0.9997931,0.00015451021,2.2295222e-08,1.5012791e-08,2.5024994e-05
1.2955912e-08,5.6918942e-08,2.6298927e-05,9.363558e-07,0.9997931,0.00015451021,2.2295222e-08,1.5012791e-08,2.5024994e-05
9.022096e-11,3.350624e-11,3.191072e-07,1.259787e-06,0.9999962,1.7356266e-06,1.6701214e-10,2.0479386e-10,5.21592e-07
3.523644e-06,8.838263e-06,3.7062193e-05,4.9820987e-06,0.99172616,0.008032537,0.000154379,6.213877e-06,2.6420299e-05
5.043845e-08,5.3645802e-08,8.25335e-05,2.5147516e-05,0.99601895,5.527768e-05,7.21029e-05,1.7446563e-08,0.0037459529
5.043845e-08,5.3645802e-08,8.25335e-05,2.5147516e-05,0.99601895,5.527768e-05,7.21029e-05,1.7446563e-08,0.0037459529
3.736201e-09,5.293133e-09,1.6510783e-07,3.8469295e-08,0.99998915,5.8603086e-06,6.335884e-09,7.2017023e-09,4.752485e-06
2.5980855e-06,9.780561e-05,8.8296235e-07,1.2185358e-06,0.9957937,0.0013168763,3.5488458e-06,8.057286e-07,0.0027825888
9.96099e-07,3.7978738e-05,0.0022165456,5.192928e-07,0.9392399,0.05509666,0.0021659213,1.8772054e-06,0.0012395768
9.96099e-07,3.7978738e-05,0.0022165456,5.192928e-07,0.9392399,0.05509666,0.0021659213,1.8772054e-06,0.0012395768
2.4403041e-08,4.798398e-05,0.00027529942,1.398836e-08,0.9617316,0.037943657,1.1402255e-06,2.0170467e-07,4.618314e-08
7.8168307e-07,3.7990688e-07,8.507855e-06,1.3383082e-06,0.9937244,0.00527511,1.8423583e-06,8.171834e-08,0.0009876635
2.6877015e-10,5.942362e-11,2.4207572e-09,5.0768005e-08,0.9999906,7.865039e-06,1.8965172e-10,2.1265525e-10,1.5115065e-06
8.062149e-06,1.2772401e-06,7.140894e-05,0.0006880896,0.9804584,0.012617627,0.00032013896,8.2476145e-05,0.005752478
2.700033e-06,3.164304e-07,1.3333253e-05,4.0945426e-05,0.997729,0.0016633762,4.560514e-07,3.180435e-07,0.0005495385
1.8603007e-09,0.00072551065,2.4341324e-07,3.742018e-09,0.9898286,0.009437266,1.556891e-09,2.6511734e-07,8.181401e-06
1.8603007e-09,0.00072551065,2.4341324e-07,3.742018e-09,0.9898286,0.009437266,1.556891e-09,2.6511734e-07,8.181401e-06
1.0975141e-08,5.758904e-08,1.7271753e-06,5.2422674e-06,0.99935144,0.00063804263,2.75908e-07,6.869639e-09,3.255255e-06
3.2213457e-08,5.7887783e-09,4.1979665e-06,8.3621075e-07,0.999706,0.00026670037,4.0842738e-06,6.7524106e-09,1.8158207e-05
5.3714558e-08,1.2020865e-05,6.9279245e-06,2.0570178e-06,0.99695504,0.0029606416,2.1733307e-07,1.240595e-07,6.297894e-05
1.990923e-06,6.909484e-05,0.0075193355,1.1095817e-05,0.92477906,0.06652331,0.00076617236,6.077424e-05,0.00026916465
1.990923e-06,6.909484e-05,0.0075193355,1.1095817e-05,0.92477906,0.06652331,0.00076617236,6.077424e-05,0.00026916465
3.1248785e-08,3.900561e-09,1.08416266e-07,2.1289975e-06,0.99997616,1.8738476e-05,6.449355e-08,2.5375831e-08,2.8325212e-06
8.374144e-09,1.2803731e-07,1.4158769e-05,1.8071843e-06,0.99923253,0.00074111484,5.066868e-07,1.435824e-08,9.7982465e-06
2.2737497e-06,6.699139e-05,0.013488774,1.7535224e-06,0.9786508,0.005938019,0.00021086303,1.458565e-06,0.0016391205
2.2737497e-06,6.699139e-05,0.013488774,1.7535224e-06,0.9786508,0.005938019,0.00021086303,1.458565e-06,0.0016391205
2.2737497e-06,6.699139e-05,0.013488774,1.7535224e-06,0.9786508,0.005938019,0.00021086303,1.458565e-06,0.0016391205
2.953247e-06,4.7023877e-06,0.020858292,5.077632e-06,0.96112823,0.017756414,3.720686e-06,0.00023388013,6.7965275e-06
3.938948e-09,2.4560855e-08,5.0405146e-07,2.1455614e-07,0.9986524,0.0013458747,2.52497e-08,2.9911116e-09,1.0190114e-06
5.2038626e-08,9.607143e-08,1.0030942e-06,7.1550977e-07,0.9998481,4.391202e-05,1.5784313e-07,1.304973e-08,0.00010588504
5.2038626e-08,9.607143e-08,1.0030942e-06,7.1550977e-07,0.9998481,4.391202e-05,1.5784313e-07,1.304973e-08,0.00010588504
1.331945e-05,0.00022849566,0.003388467,8.752678e-06,0.9677257,0.02760604,0.00018907724,6.355221e-05,0.0007766407
1.331945e-05,0.00022849566,0.003388467,8.752678e-06,0.9677257,0.02760604,0.00018907724,6.355221e-05,0.0007766407
5.5179783e-10,5.1005905e-10,2.3634057e-06,3.3749264e-10,0.9991528,0.00084483833,2.9267277e-10,1.763297e-08,4.7236995e-08
5.5179783e-10,5.1005905e-10,2.3634057e-06,3.3749264e-10,0.9991528,0.00084483833,2.9267277e-10,1.763297e-08,4.7236995e-08
1.4239974e-08,2.5345137e-09,2.889675e-06,5.5919783e-05,0.9998877,5.1873234e-05,3.8107615e-09,4.9224565e-07,1.2218408e-06
4.5817066e-09,3.087526e-10,1.8679526e-06,3.6938317e-07,0.9999738,2.199422e-05,9.464268e-10,9.524705e-09,1.8488878e-06
4.5817066e-09,3.087526e-10,1.8679526e-06,3.6938317e-07,0.9999738,2.199422e-05,9.464268e-10,9.524705e-09,1.8488878e-06
4.6497416e-06,7.6171173e-06,0.066899784,0.00023711912,0.9033031,0.0250702,0.0010574252,2.7512071e-06,0.0034173727
4.6497416e-06,7.6171173e-06,0.066899784,0.00023711912,0.9033031,0.0250702,0.0010574252,2.7512071e-06,0.0034173727
3.682526e-07,3.349752e-06,8.435354e-05,3.7430263e-07,0.9747127,0.024884272,6.3376383e-06,3.0995938e-07,0.00030779684
1.6132631e-07,1.01887745e-05,3.2602065e-06,3.0174178e-07,0.9998211,0.00013249481,1.18742155e-05,1.1795869e-06,1.9365953e-05
1.5734803e-06,2.9499915e-06,0.0024197777,4.001257e-05,0.8355449,0.16115136,0.00061876985,2.9105502e-06,0.00021783385
3.349038e-05,0.00039150545,0.0009798616,5.878777e-07,0.9163201,0.04384519,0.036512233,2.51626e-06,0.0019144448
1.03181e-08,3.995131e-08,1.1133968e-05,5.937342e-07,0.9926438,0.0072403527,1.3529467e-06,2.3449768e-08,0.00010270202
2.3029239e-08,3.9604896e-07,0.0032743886,1.05742055e-08,0.99564064,0.001083141,1.4048474e-07,1.0322311e-06,1.8414178e-07
9.295689e-07,7.8579944e-07,0.008937889,3.5035223e-06,0.98930883,0.00133981,0.00031017832,6.074818e-07,9.741743e-05
2.2506096e-11,1.369765e-09,9.725847e-09,4.2023207e-10,0.99999976,6.010983e-08,2.6544495e-09,1.2021349e-11,1.2626533e-07
3.3280652e-09,1.3659397e-09,2.2116321e-06,7.084975e-08,0.9997037,0.0002939744,1.3258452e-08,1.6621404e-10,1.9913891e-08
1.3233824e-07,8.037632e-07,0.9201414,7.072024e-07,0.070118584,0.0045841187,0.0051472285,8.9427786e-08,7.0830497e-06
1.5636965e-10,5.246871e-09,3.9467857e-08,1.17336306e-07,0.9999902,4.5574543e-06,7.909999e-09,1.6960497e-10,5.1143006e-06
5.7082463e-08,8.653379e-05,0.0035678567,6.878493e-07,0.21193981,0.7843218,1.3814503e-05,7.587461e-06,6.172755e-05
1.8233696e-09,4.7725168e-11,7.857873e-07,6.221463e-07,0.99999225,6.3180105e-06,1.3636314e-09,6.840494e-10,1.4929188e-09
1.7429136e-05,0.00037323503,0.0042419806,1.8603814e-06,0.9504374,0.0352837,0.009632807,5.3798412e-06,6.1258274e-06
1.1533256e-05,7.732706e-05,0.0032400894,8.4458725e-06,0.9601653,0.032590486,0.0031104619,1.655564e-05,0.0007798427
1.8237719e-06,4.016843e-05,0.42267248,5.0928186e-09,3.1919278e-06,0.5379336,0.039348643,1.4704669e-07,6.2704184e-09
5.497574e-05,4.1823263e-05,0.9307647,5.6789162e-05,0.0027650436,0.058745615,0.0073107327,0.00010322638,0.00015705956
5.1501414e-10,2.5248056e-10,1.3394438e-07,3.0546062e-07,0.9999912,2.504924e-06,6.31641e-09,1.5351189e-09,5.804881e-06
5.8539e-08,4.4602643e-08,0.5862737,1.42729405e-05,0.40213197,0.011575387,5.297354e-07,3.7285636e-06,2.5115116e-07
5.4701755e-05,2.3463265e-06,0.46284336,2.4340772e-05,0.30387637,0.23217471,0.00029506572,5.922736e-05,0.0006699551
2.2402451e-08,1.4243396e-06,0.0022684028,5.637425e-06,0.989389,0.0078862505,7.3199144e-06,6.244691e-08,0.00044185334
6.5583455e-11,4.4729773e-10,4.386773e-09,1.1833423e-09,0.9999914,3.5780735e-07,3.7288554e-09,8.585466e-12,8.219003e-06
1.2522253e-08,4.52992e-08,1.6342069e-08,2.4440249e-08,0.9993406,0.000655327,4.5983253e-08,7.416615e-09,3.852288e-06
7.271717e-09,4.100406e-09,1.1066514e-06,1.4505067e-05,0.9993228,0.00036185462,1.4236978e-08,1.0474708e-08,0.00029984297
2.0187748e-08,1.3904573e-08,4.6928876e-06,3.2862445e-05,0.9997913,0.00016789867,2.4487903e-07,1.1075257e-07,2.870087e-06
3.0745248e-06,3.9331822e-05,0.0012289787,2.9973078e-05,0.8827711,0.11529376,9.635612e-05,1.0980307e-05,0.0005264379
1.2985936e-07,2.6905268e-06,0.0015904612,0.00050865475,0.9010479,0.09676918,1.387047e-07,7.679453e-07,8.007233e-05
2.4438989e-11,2.2708425e-10,2.2570945e-09,9.983925e-10,0.9999999,6.093729e-08,3.877138e-10,1.15086786e-11,4.129827e-08
8.153271e-08,1.5283614e-06,2.0873846e-05,8.80407e-09,0.9900422,0.0074368785,0.0024982009,4.6564913e-10,1.6486496e-07
1.0460323e-06,1.778728e-06,0.01612561,0.0001301992,0.93937147,0.042750206,3.714655e-06,2.4582525e-06,0.0016135611
4.792975e-06,4.8719387e-05,0.021057747,0.00036808744,0.8086318,0.16967624,6.913236e-07,3.9206865e-05,0.00017264945
2.5153673e-07,1.1139423e-06,0.1421686,6.7453952e-06,0.856846,0.0009723216,9.015009e-07,1.6386654e-06,2.410946e-06
4.9652194e-06,1.3138372e-05,0.025106441,2.5256604e-06,0.9376405,0.036702625,0.00026550126,4.2068943e-05,0.00022226281
0.00021674832,0.00016655387,0.28008845,0.043113206,0.13766992,0.50465983,0.03283364,0.00032834412,0.00092317455
1.3529999e-06,8.744396e-06,0.015473673,3.343456e-05,0.00022702219,0.9837504,8.521179e-05,3.3622382e-07,0.00041977083
2.2486262e-09,1.21628e-12,1.2685897e-06,7.2620205e-05,2.404354e-08,0.999926,1.38874e-10,3.2537157e-09,1.9478286e-07
5.4399248e-08,5.5170903e-09,6.641813e-05,0.0005133152,0.0016547025,0.99774027,1.2221298e-09,2.5207797e-05,3.023982e-08
1.0969608e-05,0.00035523897,0.14633039,4.1003554e-05,0.010884519,0.13777508,1.3538802e-05,5.2534874e-06,0.70458406
0.024165537,0.73703176,0.00010736087,2.1474664e-06,0.18843044,0.037646785,0.00070264336,0.008175028,0.0037383079
2.1477444e-08,7.501567e-07,0.09039265,2.5043555e-06,0.0006821653,0.9089165,2.2633772e-06,1.9470468e-08,3.2341982e-06
1.0913757e-06,9.1758535e-05,0.09350801,6.928914e-05,0.0012632711,0.904828,5.200945e-06,8.476211e-06,0.00022488489
6.990043e-05,7.524957e-06,0.016436469,3.227282e-05,0.10194539,0.8809939,1.1435245e-05,0.00023995695,0.00026313006
3.1761832e-08,6.5082545e-06,0.010717239,5.6182466e-06,0.0077717947,0.98130083,3.969798e-06,8.2396303e-07,0.00019318028
2.307629e-07,6.7877622e-06,0.00061773177,4.6067908e-07,1.0314974e-05,0.9973737,4.8926245e-06,1.2618345e-07,0.0019857343
1.6418124e-05,1.156394e-05,0.5182109,7.6918834e-05,0.0022000708,0.47932705,2.5180088e-07,5.5353335e-05,0.000101560465
2.2213694e-06,9.82526e-06,0.0020939747,4.758515e-09,0.8232916,0.17449147,6.043124e-08,9.00925e-05,2.0698502e-05
4.6672223e-05,2.6164096e-07,0.00024958397,1.2098731e-08,0.060667947,0.9389959,1.7088728e-07,3.4566296e-05,4.9670743e-06
3.1712088e-07,4.0331917e-05,3.958058e-05,1.571907e-07,0.00045601124,0.9987282,6.726515e-07,1.3440052e-07,0.0007346395
0.00010404722,0.0003232818,0.1028863,2.6376642e-07,0.00066736445,0.88854605,0.0074180285,7.875425e-06,4.670574e-05
1.5018306e-06,0.0002982156,0.0016907055,6.60801e-08,6.2388335e-06,0.99793845,2.5545223e-06,8.074791e-08,6.215208e-05
3.4398084e-07,3.2926257e-06,0.017053898,3.5684087e-07,1.918345e-05,0.98288935,3.6532207e-08,3.3891604e-07,3.3215074e-05
6.273775e-05,0.0021163241,2.634127e-07,1.7001865e-07,1.5123843e-06,0.9977812,1.4959774e-05,2.2722066e-05,2.060163e-07
9.03447e-08,4.324937e-06,0.0022877709,2.2192062e-05,6.1021183e-06,0.99767333,2.1069559e-08,6.6244723e-07,5.5791447e-06
9.03447e-08,4.324937e-06,0.0022877709,2.2192062e-05,6.1021183e-06,0.99767333,2.1069559e-08,6.6244723e-07,5.5791447e-06
4.6801692e-06,0.0029306174,0.0143652195,7.32443e-07,0.06257401,0.9179933,8.593914e-05,1.9579968e-06,0.0020435315
6.100982e-10,1.1537729e-05,4.509939e-10,3.3688096e-08,1.8804391e-09,1.6506814e-06,3.242707e-12,0.99998677,1.9076205e-12
0.000110504174,5.3874123e-07,0.00073803874,1.1437066e-06,6.021301e-08,0.997792,6.1323824e-08,0.0013575399,7.435608e-09
2.4842947e-07,3.187509e-10,3.202288e-05,4.9677342e-09,4.387243e-11,0.9999658,6.7889245e-12,1.9000115e-06,2.677463e-10
2.1991308e-07,1.5879666e-08,0.00019114737,4.061507e-09,8.372462e-10,0.99980813,8.8446585e-12,5.2507653e-07,9.24747e-09
1.5955587e-07,4.8458553e-09,3.4450095e-05,3.6438658e-10,2.450899e-08,0.9999651,6.639881e-12,3.8509548e-08,3.4801147e-07
4.0759183e-05,8.5692345e-06,0.00014912258,5.2905964e-08,1.4852967e-05,0.9997173,1.4168082e-09,4.932778e-05,2.0023617e-05
2.4239608e-07,2.6246395e-08,4.193569e-05,1.0366361e-08,6.2637913e-09,0.99995136,1.1376428e-12,6.3973284e-06,3.0699198e-08
1.0050608e-05,2.04547e-07,0.00846068,1.3392133e-06,2.019237e-09,0.99149317,2.659411e-09,3.4419798e-05,3.0700743e-08
9.230387e-09,2.2124286e-10,5.3176987e-05,0.92995715,7.4164626e-07,0.069986254,1.06840654e-10,2.6217026e-06,2.6915586e-10
1.2469123e-06,9.601206e-05,0.0002645123,4.9921887e-06,0.7814761,0.16830221,7.746122e-06,1.1570716e-05,0.04983561
1.2169255e-07,1.9914626e-08,6.4535976e-05,0.95017856,0.00017753754,0.04935381,5.226966e-09,2.3890433e-07,0.00022512773
2.4879023e-08,1.195113e-10,6.5764925e-07,0.023896422,1.757078e-06,0.9760978,9.240471e-12,1.6840189e-06,1.6021844e-06
3.7885415e-09,5.7188136e-11,0.00035883358,0.8868573,1.9027914e-06,0.11277933,3.2215147e-11,2.7973063e-06,5.0222625e-11
3.7362486e-08,2.320697e-06,0.00014078115,0.00086919934,6.069022e-05,0.9784362,6.58853e-10,1.4139113e-07,0.020490672
3.6510366e-07,3.1672476e-09,0.002293845,0.029605767,9.2038175e-07,0.9680981,1.2013934e-08,8.189363e-07,1.924939e-07
3.6510366e-07,3.1672476e-09,0.002293845,0.029605767,9.2038175e-07,0.9680981,1.2013934e-08,8.189363e-07,1.924939e-07
5.2748454e-09,2.0008867e-10,1.1666559e-05,0.0004494971,4.791744e-07,0.9995382,3.729338e-11,1.9693873e-08,1.51294e-07
2.1272395e-08,2.7960925e-11,6.039826e-07,0.0059019793,4.029591e-06,0.994093,7.702757e-11,2.462954e-07,9.989114e-08
3.655645e-08,6.2506365e-09,3.7281268e-06,0.00040433713,1.4624729e-05,0.99938655,6.742654e-11,1.0623068e-07,0.00019055416
1.9835039e-10,7.0328443e-10,0.002311223,0.0063422974,5.914239e-08,0.9913462,6.6826122e-09,8.992644e-09,1.6432972e-07
1.9835039e-10,7.0328443e-10,0.002311223,0.0063422974,5.914239e-08,0.9913462,6.6826122e-09,8.992644e-09,1.6432972e-07
1.9835039e-10,7.0328443e-10,0.002311223,0.0063422974,5.914239e-08,0.9913462,6.6826122e-09,8.992644e-09,1.6432972e-07
7.476835e-08,9.778974e-12,7.79271e-06,0.010267331,3.7307285e-07,0.9897244,2.1214963e-09,2.3955403e-08,6.834341e-08
7.476835e-08,9.778974e-12,7.79271e-06,0.010267331,3.7307285e-07,0.9897244,2.1214963e-09,2.3955403e-08,6.834341e-08
4.5170914e-08,1.2450915e-10,4.17186e-05,1.033405e-06,7.418442e-09,0.9999548,2.3277285e-06,1.5082414e-08,7.3596444e-09
6.1372685e-07,1.6376641e-09,0.008364973,0.06835064,0.002193254,0.9210822,8.541398e-08,6.8198897e-06,1.305851e-06
1.8619102e-06,3.7483048e-09,0.0006847816,0.085544094,1.6981073e-06,0.9137638,4.4634646e-07,3.2231883e-06,3.2259216e-08
0.0008904111,1.1161627e-06,5.345243e-07,3.6813376e-06,1.6056994e-06,0.9895062,9.880571e-10,0.009596304,1.9891823e-07
2.0040821e-05,6.684609e-08,2.0027064e-05,2.4703934e-07,0.00063639786,0.9992079,2.6756583e-10,0.00011527297,4.899582e-09
4.0053674e-06,2.8799783e-05,1.443566e-09,1.0590473e-07,5.120537e-07,0.9998858,3.4734274e-08,8.072672e-05,4.4599655e-10
1.0868708e-05,3.642334e-05,7.4675427e-07,9.770476e-08,2.1106703e-07,0.99961853,5.4510387e-08,0.00033297238,2.1538415e-09
1.7090886e-06,6.2101244e-05,2.7323868e-10,7.767588e-11,2.519673e-09,0.9999354,2.7740308e-09,8.9021023e-07,1.4624639e-09
2.0250598e-06,0.00086228456,5.3779466e-08,4.211554e-09,5.9440747e-08,0.99912745,6.650315e-06,1.4837402e-06,3.058207e-08
0.0076106023,0.011244621,2.4507865e-06,9.195776e-06,5.386758e-06,0.9148188,5.6569083e-06,0.06628811,1.5079581e-05
0.000431171,0.011746444,1.1639885e-05,1.976491e-05,9.61392e-07,0.9770982,1.4878016e-05,0.010671641,5.3183994e-06
3.234089e-05,0.00028649205,4.4914154e-07,2.4100223e-07,2.6518303e-06,0.9992306,4.6017994e-09,0.00044651673,6.6214943e-07
5.8139867e-05,0.3950302,7.969351e-08,4.0617106e-08,5.972436e-06,0.60158384,9.8779725e-05,0.0008568013,0.0023660762
3.7641483e-05,0.0055434345,7.632389e-06,3.3324547e-08,4.156382e-06,0.9909478,9.800527e-06,0.003448897,6.285058e-07
7.63005e-06,2.1087486e-05,5.7766787e-09,1.9018195e-10,1.691682e-09,0.99997103,1.4690113e-08,2.7006925e-07,2.2614377e-09
1.601286e-05,0.00090125273,1.3065525e-07,1.064937e-07,3.8114722e-05,0.99874157,1.4410797e-05,0.00028819396,3.1348938e-07
9.998044e-06,0.00013868674,4.0440383e-08,1.1041954e-09,1.0246675e-05,0.9997906,1.0038059e-06,4.9295653e-05,1.4583535e-08
0.0019529026,0.00010882952,3.8551995e-10,2.3532218e-07,8.9393696e-05,0.99763167,1.2097986e-08,0.00020798434,8.942383e-06
1.0826051e-05,0.0005900832,7.307341e-08,1.903992e-08,2.0487194e-06,0.99936455,1.6082153e-05,8.614825e-06,7.779462e-06
2.1543541e-05,0.00020016842,1.4382495e-09,1.1369236e-07,3.8154602e-07,0.99977046,1.3659187e-09,7.2047337e-06,1.3172618e-07
1.02657295e-05,0.027180135,7.738812e-09,1.4087762e-08,1.3403951e-06,0.9726738,0.000106743486,4.298625e-06,2.3414825e-05
1.1803073e-05,0.0036076987,6.7708563e-09,7.243993e-09,9.928316e-08,0.9963561,2.978643e-06,2.1087115e-05,1.8716993e-07
1.6055195e-05,0.0023315616,1.7239294e-08,2.9055503e-08,2.9052624e-06,0.9976313,3.1336765e-07,1.6681122e-05,1.0399892e-06
4.983777e-05,0.00053720566,2.9655078e-08,3.4839136e-08,1.7608181e-06,0.99935263,4.338537e-05,1.0638554e-05,4.4551225e-06
4.3426644e-05,0.0021195319,2.3814916e-08,9.94524e-08,9.508309e-07,0.9958145,2.530804e-08,0.002021387,1.8827215e-09
0.00043961016,0.00014569965,1.727865e-10,1.03796785e-08,1.6469386e-07,0.9993967,8.7233065e-10,7.780514e-06,1.0114198e-05
6.2710546e-06,1.7683793e-05,1.4906009e-09,1.9325593e-10,4.798946e-11,0.9999758,1.6339528e-07,1.6165731e-07,1.6379637e-09
2.0693208e-06,2.7071403e-07,2.3573433e-08,4.087266e-07,9.802702e-05,0.9998733,6.3092718e-09,2.5717562e-05,1.768947e-07
4.714928e-05,0.00074522995,0.0004649257,1.2900999e-05,0.00027435564,0.76223606,8.6877066e-07,0.23621824,3.5202115e-07
2.3654331e-06,4.421293e-06,2.286691e-06,1.9446163e-05,0.00026198072,0.9971929,3.1337814e-07,0.0024845493,3.172887e-05
3.666492e-06,5.683934e-07,2.9606437e-07,9.544274e-06,2.9518673e-05,0.9998847,1.9168327e-07,7.081701e-05,6.7965533e-07
0.00014865499,0.00011088611,0.045637745,0.000107671185,0.17076868,0.4075404,0.37409887,3.2782227e-05,0.0015543017
7.8347744e-05,1.5106496e-05,0.00011482739,3.495826e-06,0.029725824,0.26772004,0.69257736,1.9780332e-06,0.009762999
6.370477e-07,1.2146915e-08,3.0474168e-05,2.7108703e-07,1.2520129e-05,0.99993885,1.7228596e-05,9.39144e-09,4.550933e-09
0.00024255348,2.0188065e-05,2.3198038e-05,5.745594e-07,0.00096371956,0.9981982,3.0229492e-07,0.00055035984,8.391565e-07
8.119642e-06,0.050239403,0.00017342524,2.9584544e-07,1.5067975e-06,0.9395146,0.010053302,7.600431e-06,1.7040679e-06
0.2664547,0.06627699,0.08433646,2.0663115e-06,0.0046162936,0.0010861001,0.38640344,0.19037409,0.0004498678
1.3542637e-05,0.0013257217,0.04340979,4.5518327e-06,0.6436109,0.30492592,1.23187744e-08,0.0067078844,1.6417023e-06
2.0595862e-06,5.7782026e-06,0.0064667985,0.047405194,0.0029862218,0.94222295,2.5170525e-06,0.00023064294,0.0006779022
2.044491e-06,8.128345e-09,3.624006e-05,0.056333277,3.0042978e-05,0.94358844,6.1038476e-09,3.3156043e-06,6.5461036e-06
1.6643314e-08,1.6178041e-10,9.2619736e-08,4.1193795e-07,4.1797876e-09,0.9999995,4.268808e-09,3.167943e-09,1.5816381e-08
3.4371394e-06,3.1767717e-09,0.00023959705,0.000962561,8.5471294e-07,0.99879116,3.9068627e-07,3.4036609e-07,1.7391105e-06
3.4371394e-06,3.1767717e-09,0.00023959705,0.000962561,8.5471294e-07,0.99879116,3.9068627e-07,3.4036609e-07,1.7391105e-06
2.0844152e-05,5.2820454e-08,5.7714606e-06,0.003394187,4.657199e-06,0.99640673,3.8193252e-06,0.00015944171,4.4673516e-06
2.0844152e-05,5.2820454e-08,5.7714606e-06,0.003394187,4.657199e-06,0.99640673,3.8193252e-06,0.00015944171,4.4673516e-06
2.9069665e-07,3.3950293e-08,0.0005884351,2.2699625e-05,2.151384e-07,0.99934953,6.5258655e-07,2.0123482e-08,3.8127884e-05
2.9069665e-07,3.3950293e-08,0.0005884351,2.2699625e-05,2.151384e-07,0.99934953,6.5258655e-07,2.0123482e-08,3.8127884e-05
7.6544104e-08,2.9422884e-07,0.00019812465,0.0014247051,5.2324494e-06,0.9983706,2.4679945e-08,6.1803524e-07,3.7554574e-07
9.272911e-06,4.5385466e-05,5.9239042e-05,0.002299627,5.2940846e-05,0.86628085,1.9911919e-07,0.13125254,2.6435758e-08
1.789491e-06,2.0351015e-06,0.00052490615,1.00451196e-07,3.522339e-05,0.9980186,1.6335004e-07,1.34939e-07,0.001417013
4.7414264e-07,2.4021552e-05,0.00023821267,6.0868988e-05,0.047195356,0.94033307,1.7721742e-07,1.738001e-06,0.01214599
0.00025899647,2.068119e-07,0.00026561142,2.537213e-07,5.0391363e-06,0.999458,5.312557e-07,1.1376446e-06,1.0139436e-05
2.8844792e-07,8.2064815e-07,4.592122e-08,0.00012991074,5.1852917e-06,0.9991867,3.1345426e-08,4.143844e-08,0.00067701907
2.8844792e-07,8.2064815e-07,4.592122e-08,0.00012991074,5.1852917e-06,0.9991867,3.1345426e-08,4.143844e-08,0.00067701907
5.305469e-07,3.978928e-06,7.5073312e-06,2.6341851e-08,1.1581048e-05,0.99987566,8.468181e-08,3.64114e-08,0.000100514335
9.141022e-07,1.01178575e-05,0.00031446567,6.3485805e-07,4.9559443e-05,0.9989949,1.7795287e-08,5.924701e-08,0.0006292688
1.6693642e-08,1.4177594e-06,1.7395723e-05,8.534077e-08,1.3322305e-07,0.99998057,1.2888449e-10,1.4895629e-08,2.8854058e-07
7.022708e-07,5.7094408e-06,0.00018280344,5.0283197e-06,3.6779988e-05,0.9997372,1.2407295e-06,8.9907843e-07,2.9598854e-05
7.022708e-07,5.7094408e-06,0.00018280344,5.0283197e-06,3.6779988e-05,0.9997372,1.2407295e-06,8.9907843e-07,2.9598854e-05
1.4308072e-06,3.3053846e-05,0.008633506,3.6586243e-06,0.0005806707,0.9737022,9.1773256e-07,0.017044568,6.639947e-08
4.640404e-08,7.06971e-09,4.0177206e-08,7.231709e-08,2.2081155e-11,0.9999944,3.6967707e-10,5.40267e-06,2.0644145e-10
4.2901942e-05,0.00020286634,0.1321062,0.00066186016,0.18687478,0.5878071,1.3097825e-05,3.1984855e-05,0.09225918
5.7155427e-09,5.171268e-06,6.8281242e-06,4.1041557e-07,4.405521e-10,0.99996483,2.1253414e-05,2.6074989e-07,1.2069023e-06
0.04242011,0.017755343,0.24807085,5.4649163e-06,8.685895e-05,0.63079375,0.0010741854,0.05975101,4.2436808e-05
1.7837207e-06,0.00014163335,1.2105171e-05,8.482115e-08,6.580513e-08,0.9997441,9.337454e-05,2.562e-07,6.6609464e-06
4.4856787e-07,4.8705346e-08,0.002330961,1.5680493e-08,8.426579e-12,0.99766785,3.3557495e-07,3.3097342e-07,1.91551e-08
1.6298195e-09,1.5110142e-07,6.096163e-07,1.3823851e-08,2.836849e-08,0.99999046,8.650897e-06,1.2494057e-07,8.304322e-10
3.2740882e-08,4.55036e-07,0.00074409624,6.266207e-08,3.810388e-08,0.9991161,0.00013604002,1.9443031e-07,3.0029917e-06
3.2740946e-08,4.5503646e-07,0.00074409693,6.266207e-08,3.810388e-08,0.9991161,0.00013604015,1.944305e-07,3.0029944e-06
2.4062214e-09,5.479115e-08,4.4766406e-07,5.0880686e-08,2.9903313e-10,0.9999951,4.2240067e-06,1.0421338e-07,4.1423664e-08
9.014276e-06,0.0006302692,0.0003002987,2.9218514e-05,1.9009433e-06,0.9985459,5.8600686e-05,0.00042422512,6.4918953e-07
9.014276e-06,0.0006302692,0.0003002987,2.9218514e-05,1.9009433e-06,0.9985459,5.8600686e-05,0.00042422512,6.4918953e-07
4.5763416e-05,0.0003738884,6.060109e-06,3.518208e-05,4.6199995e-09,0.9981742,2.0575559e-05,0.0013421325,2.198318e-06
9.833111e-05,0.00028206408,0.00050780666,4.902154e-06,1.6037905e-06,0.99835145,0.00013641134,0.0006173063,1.6110393e-07
3.9460986e-07,1.0837329e-06,4.908312e-05,9.102678e-07,2.3445607e-10,0.9997242,0.00021063721,1.3644599e-05,3.1388183e-09
3.7164267e-07,9.0126815e-07,2.9667815e-06,7.415023e-07,1.1555626e-12,0.9999896,3.1413924e-07,1.9517788e-06,3.0573308e-06
2.2070033e-06,1.538494e-07,0.00039677203,4.7736603e-06,3.897697e-10,0.99958175,6.799942e-06,6.3971597e-06,1.1561549e-06
2.653398e-10,8.9865364e-07,3.5476488e-09,2.1765171e-08,1.3518386e-10,0.9999989,4.1789022e-08,3.3212107e-08,1.2166676e-07
2.653398e-10,8.9865364e-07,3.5476488e-09,2.1765171e-08,1.3518386e-10,0.9999989,4.1789022e-08,3.3212107e-08,1.2166676e-07
7.835165e-11,1.674945e-08,3.2406675e-10,4.12668e-09,1.2453101e-11,0.9999993,7.4299527e-07,8.006239e-10,3.743629e-09
5.159737e-10,2.9856465e-06,3.1173887e-08,5.387215e-09,1.083371e-10,0.9999968,1.5493282e-07,1.42322945e-08,1.23547395e-08
4.202722e-07,2.3394776e-05,0.00014776055,2.0530983e-06,2.207555e-08,0.99966085,0.00016227335,2.9936627e-06,3.721964e-07
1.1029546e-08,4.1679605e-06,4.95907e-07,9.0747415e-07,6.2980743e-10,0.9999702,2.2544553e-05,1.7215234e-06,4.202437e-10
4.227297e-07,1.812362e-06,3.0093352e-05,1.9271334e-07,3.1153073e-11,0.9996147,0.00035257245,1.62543e-07,2.0473824e-08
4.227297e-07,1.812362e-06,3.0093352e-05,1.9271334e-07,3.1153073e-11,0.9996147,0.00035257245,1.62543e-07,2.0473824e-08
2.1352156e-07,1.46980365e-05,0.00067514967,6.371862e-08,2.0360033e-11,0.9993055,1.7559726e-06,2.7271265e-06,4.3175623e-09
1.9194038e-10,5.8881344e-09,8.044048e-08,2.5982255e-05,1.6711741e-09,0.99997354,2.6081932e-09,4.0993095e-07,6.724528e-08
4.3353396e-08,1.5895978e-08,1.1458966e-05,5.1985484e-08,3.3210967e-13,0.99998796,4.4648216e-10,5.3147096e-07,2.0470214e-12
4.1078042e-08,3.4106113e-06,2.1522326e-05,1.0767379e-07,1.6418025e-09,0.99996495,9.755844e-06,1.263667e-07,2.4829023e-09
1.0502032e-06,8.057557e-07,0.0021095355,4.458752e-07,6.8853095e-10,0.99732697,0.000550474,1.0633254e-05,6.087127e-08
1.4061321e-06,1.7936786e-07,9.958576e-05,0.006042073,0.0007046976,0.99005777,4.4053895e-08,1.0327574e-05,0.003083844
5.8599654e-09,6.8063195e-09,4.6611716e-05,0.0007193969,2.8582288e-06,0.99919146,1.5404789e-10,2.2988665e-08,3.9666404e-05
9.559023e-06,1.1577714e-06,0.041478414,0.0035096228,4.4259865e-05,0.9548842,5.142927e-05,1.3694221e-05,7.680949e-06
4.3404183e-05,4.8232226e-07,0.020836009,0.0001566891,0.08584492,0.8902268,3.2369328e-05,7.718901e-06,0.0028516173
3.6236324e-05,9.517769e-06,0.00043223987,0.0018053168,0.00038900942,0.5081562,1.1745438e-05,5.8831112e-05,0.48910093
3.043497e-10,1.4738661e-09,0.000407657,0.0010472245,1.6332693e-07,0.99854374,9.44341e-12,5.0193282e-08,1.1664697e-06
2.1215772e-06,4.4195865e-05,0.0361166,0.00019364619,4.101655e-05,0.9633749,5.644844e-07,5.7034617e-06,0.00022118023
9.689305e-08,1.2635815e-07,0.0005862816,8.600519e-05,0.00054983667,0.99874973,2.3967623e-08,1.6944238e-06,2.613509e-05
9.689305e-08,1.2635815e-07,0.0005862816,8.600519e-05,0.00054983667,0.99874973,2.3967623e-08,1.6944238e-06,2.613509e-05
9.689305e-08,1.2635815e-07,0.0005862816,8.600519e-05,0.00054983667,0.99874973,2.3967623e-08,1.6944238e-06,2.613509e-05
5.9093904e-06,0.00017301721,0.00022502686,0.00015167732,0.024334013,0.97111726,9.6736464e-08,1.4891058e-05,0.0039780675
6.5257416e-07,3.8761377e-06,4.292019e-06,1.5390312e-06,4.4739532e-05,0.96655,8.7788585e-09,3.6408327e-08,0.033394787
4.7396654e-07,5.5230656e-05,0.00029764246,1.1634917e-05,0.00025820616,0.9962903,1.7602755e-08,2.681317e-07,0.0030862293
1.2671552e-05,8.3594364e-07,0.0047462825,0.0011694273,0.004450928,0.9893216,7.8623884e-08,7.027245e-05,0.00022784068
6.542378e-07,1.8926168e-07,0.5214,0.0011211754,1.3300619e-06,0.4774379,5.1970683e-06,3.2893848e-05,6.3749843e-07
5.31491e-09,5.3082705e-10,0.011231533,2.0708917e-06,1.7600935e-07,0.98876613,4.607987e-09,9.930908e-08,2.0611215e-09
1.6452083e-09,1.0633853e-10,0.0013462442,2.163091e-05,2.542066e-07,0.99863166,1.0789834e-08,1.0349209e-07,2.8816154e-09
7.032856e-08,1.449614e-07,0.19318117,0.0009458744,3.8214832e-05,0.8058256,2.0416248e-06,6.7654505e-06,5.541524e-08
7.032856e-08,1.449614e-07,0.19318117,0.0009458744,3.8214832e-05,0.8058256,2.0416248e-06,6.7654505e-06,5.541524e-08
9.017031e-07,2.5622379e-07,0.98177654,3.89718e-06,1.502916e-05,0.018164484,3.295421e-05,5.783867e-06,5.3451426e-08
2.7237836e-06,0.0012025384,0.00081648974,1.795256e-07,5.2792554e-08,0.99762183,7.5340424e-05,0.00028027917,5.0845034e-07
1.7780703e-08,6.13163e-05,0.00080766686,1.5787663e-08,2.4959067e-05,0.99910575,1.1956081e-07,4.536273e-08,2.6863505e-08
2.2314754e-08,0.00022924726,0.00045603092,2.5321157e-08,4.820835e-05,0.99926525,9.1479444e-07,1.8301299e-07,1.5490366e-07
2.578897e-07,4.102512e-06,0.09044893,1.0184718e-08,0.0004054647,0.9081555,0.0009813551,1.3135784e-08,4.380165e-06
2.5639112e-08,0.00045067183,3.1759948e-05,1.867487e-06,0.6532343,0.34607524,1.897468e-07,1.1436296e-07,0.00020590117
3.3781443e-08,8.774223e-06,0.001356654,5.5152655e-10,6.650315e-06,0.9985226,0.000105332,3.9230344e-10,9.554118e-09
1.565611e-05,0.00020228527,0.2695168,7.1317304e-06,3.128319e-05,0.72986865,0.0002806647,9.270144e-06,6.821444e-05
1.4617255e-09,1.089374e-10,0.9975223,2.348068e-07,0.00018842418,0.0022889553,1.957875e-09,5.1390856e-09,4.430492e-08
1.2819594e-08,6.333907e-06,0.00013106519,1.807445e-09,4.389562e-06,0.99982435,2.5704117e-05,4.2594888e-09,8.150858e-06
1.2819594e-08,6.333907e-06,0.00013106519,1.807445e-09,4.389562e-06,0.99982435,2.5704117e-05,4.2594888e-09,8.150858e-06
1.1752977e-05,2.6036093e-06,0.0028588774,1.0482148e-06,0.0012010155,0.99280775,0.0029505112,8.764446e-07,0.00016564614
1.6573767e-07,6.640333e-07,0.00016718762,1.3660049e-08,2.9909099e-05,0.9997702,3.157482e-05,2.500901e-09,1.7668194e-07
2.1324882e-07,1.8338434e-06,0.00014415954,6.084515e-08,9.193205e-05,0.9997609,2.3227815e-07,4.1152305e-08,5.772563e-07
2.1510882e-06,9.461476e-06,0.6143566,1.6612256e-08,8.570656e-05,0.3853748,0.00015573435,3.98833e-07,1.5228274e-05
4.226932e-09,1.2485625e-06,1.1321268e-06,3.8241986e-08,6.339928e-05,0.9998956,1.1601854e-10,1.4258589e-09,3.8638587e-05
3.2826306e-10,5.314189e-10,2.756584e-08,1.6076742e-06,2.617696e-06,0.99666023,5.4559666e-13,4.5266124e-11,0.0033354973
1.6883686e-09,5.20493e-08,1.0400969e-06,6.044577e-08,4.524329e-05,0.99379927,3.8976305e-11,4.3026327e-10,0.0061543337
4.1438898e-07,0.00014637006,3.1251937e-05,1.2822992e-09,1.7476784e-08,0.99981505,6.977134e-06,5.05695e-08,9.964244e-09
9.086632e-08,9.300511e-06,0.017855268,9.753213e-06,0.030953184,0.9509928,0.00013562788,4.353054e-06,3.968742e-05
2.0925575e-07,1.593845e-07,2.1645715e-07,1.1726185e-06,3.948259e-07,0.99998343,1.3277659e-05,5.2243486e-08,1.1863436e-06
1.1977939e-08,3.4618204e-09,3.787973e-05,6.0479704e-07,4.9225502e-08,0.99996066,2.9061792e-07,1.2900274e-09,5.282694e-07
6.029005e-06,1.7234064e-06,0.11915798,2.3328807e-06,3.4413737e-05,0.879927,0.00085101783,3.1849684e-06,1.6313157e-05
2.7897578e-09,1.5807908e-09,3.8946226e-07,8.638805e-06,1.9652946e-08,0.9999907,1.1310243e-07,1.1648382e-08,1.3243603e-08
4.5940502e-05,0.00013930663,0.060542066,2.0544945e-05,0.0011312051,0.8716689,0.055181134,4.444412e-05,0.011226497
8.0311816e-07,6.307759e-07,0.0066378405,0.0025698293,8.067722e-07,0.9907404,9.583216e-07,5.98278e-06,4.2770393e-05
0.00024393915,0.0008464915,0.025996964,9.2004666e-05,0.006213349,0.062509246,0.0073313434,0.00028744407,0.89647925
7.669231e-08,9.472701e-06,0.00016763822,2.6349204e-08,8.840782e-05,0.9996475,3.7333008e-05,2.3096827e-07,4.942345e-05
3.5230279e-09,4.6517343e-10,0.0001324387,6.088329e-08,7.6298477e-07,0.9998535,1.3216309e-05,1.9484194e-09,2.4431778e-11
1.2213118e-06,2.5553933e-05,0.0004131733,0.00013981444,0.0021520355,0.994911,0.00016887148,3.5616198e-05,0.002152793
1.2213118e-06,2.5553933e-05,0.0004131733,0.00013981444,0.0021520355,0.994911,0.00016887148,3.5616198e-05,0.002152793
1.8539657e-06,6.638391e-07,0.010314659,8.087856e-06,1.6501286e-05,0.98870075,0.0008180798,2.8787526e-06,0.00013648701
3.4998368e-07,3.311743e-05,0.0049142637,1.2093374e-08,5.0840245e-06,0.9945597,0.0004104638,5.0157873e-08,7.6911754e-05
3.4998368e-07,3.311743e-05,0.0049142637,1.2093374e-08,5.0840245e-06,0.9945597,0.0004104638,5.0157873e-08,7.6911754e-05
1.4036111e-07,1.1943412e-06,3.2462026e-06,7.6974516e-08,1.1429872e-05,0.9991818,9.5077725e-05,1.4094702e-07,0.00070679595
9.651021e-06,4.8918796e-06,0.0021567028,3.7872185e-05,0.00022623714,0.9756822,0.0205813,3.1861902e-05,0.0012692504
7.077314e-07,0.00011242552,0.7985001,2.0994909e-07,3.5084333e-05,0.20097019,0.00028297654,3.3087847e-06,9.501985e-05
1.9403884e-05,0.00014220244,0.10058469,7.0658725e-06,0.00038520302,0.8864877,0.010969119,3.936854e-05,0.0013652337
2.5613132e-05,0.00032674966,0.32872865,2.3781397e-05,0.0019370274,0.41375744,0.25266784,8.710645e-05,0.002445819
1.4838251e-07,2.7152192e-10,0.0062404447,1.4706003e-06,4.2712484e-10,0.9937551,2.7446465e-06,1.1318881e-08,1.6797697e-08
5.8169825e-10,2.777347e-12,3.0201547e-06,0.0002805341,7.24479e-11,0.99971646,4.684546e-10,1.0310169e-10,7.291647e-11
0.0014317937,1.2393793e-05,0.0070502507,2.5542902e-05,0.008066827,0.78671384,2.5379327e-06,0.19669393,2.9080898e-06
5.4204565e-07,2.9276706e-08,0.0010381266,0.00033381718,0.00023597073,0.9983839,1.7003708e-06,3.3432832e-07,5.6056706e-06
1.6132832e-05,2.6135982e-08,2.6014694e-05,0.0019521967,5.9584386e-06,0.9979122,4.9781015e-06,5.649386e-06,7.67741e-05
1.6132832e-05,2.6135982e-08,2.6014694e-05,0.0019521967,5.9584386e-06,0.9979122,4.9781015e-06,5.649386e-06,7.67741e-05
5.0793744e-07,1.0956882e-06,0.00043460014,1.5199146e-06,0.0005532837,0.9974921,9.507253e-06,4.784836e-07,0.001506895
1.862236e-07,1.1898095e-09,0.000103830935,2.8028486e-05,3.1428608e-05,0.9998361,7.4206605e-09,1.9394843e-08,4.355302e-07
0.0002872331,2.1368917e-06,0.0035774754,3.3528627e-06,7.229183e-08,0.9957877,0.00017953005,0.00014103357,2.1482494e-05
5.665038e-07,6.4109593e-09,3.408825e-05,5.4572415e-06,6.0757316e-06,0.9999527,8.619134e-07,2.3248096e-07,4.598369e-08
5.0616378e-09,8.675026e-11,4.423219e-08,2.639024e-08,3.860405e-09,1.0,9.454666e-10,2.0007958e-10,2.0883715e-09
3.1287056e-10,2.0591764e-12,6.5877606e-07,5.102884e-11,3.6648993e-11,0.9999993,5.7860277e-09,1.616781e-12,1.488014e-13
8.211388e-10,1.358612e-13,1.2324334e-05,3.2306776e-05,3.126737e-10,0.9999554,1.2256445e-13,6.797201e-11,8.827994e-12
8.112752e-10,4.4924026e-11,1.1152037e-07,6.2148175e-11,9.301535e-09,0.9999975,2.3906382e-06,1.8306431e-11,3.6470016e-10
6.349105e-05,0.18249822,0.006613976,1.7858067e-08,6.0747186e-07,0.8054115,0.005399351,1.2204476e-06,1.1606571e-05
2.1173798e-07,4.380327e-07,8.651226e-06,5.361121e-10,8.1414845e-07,0.9997768,0.00021306427,3.4534606e-10,6.2529697e-09
0.022128668,0.00022043077,1.0029638e-05,6.4033426e-05,7.3662636e-06,0.97568774,2.3636956e-06,0.0018388213,4.0521685e-05
0.01813657,0.00029161084,2.3904617e-05,0.0001759557,0.00017420288,0.9673767,4.702437e-06,0.013761767,5.453843e-05
0.15770239,0.0034440784,2.331846e-05,4.5450626e-05,0.00080276176,0.038699437,3.7680738e-06,0.79918045,9.8378805e-05
1.4954525e-08,4.6498735e-11,8.458304e-07,0.0013905851,3.657217e-08,0.99860805,6.0949835e-11,4.782047e-07,3.6001861e-09
0.00011543014,0.002269692,0.00042259594,6.913444e-05,0.00804678,0.35302204,8.106059e-06,3.669088e-05,0.63600963
2.1288424e-05,0.039520986,0.0016385542,3.5663635e-07,3.1342217e-05,0.92210007,0.0002966232,8.121071e-06,0.03638261
2.1288424e-05,0.039520986,0.0016385542,3.5663635e-07,3.1342217e-05,0.92210007,0.0002966232,8.121071e-06,0.03638261
8.863687e-10,1.4404256e-10,1.0333652e-06,4.337832e-06,3.685635e-07,0.9999343,1.6630843e-11,4.2880632e-10,5.9996484e-05
0.0055301017,0.0011376716,0.08298044,2.4718558e-05,0.00012327638,0.90628946,0.0012271367,0.00022157353,0.0024655971
2.6527072e-09,1.4399031e-11,3.6290537e-08,8.131621e-06,1.5787377e-07,0.99999166,7.4407685e-12,1.5931125e-08,1.6585373e-09
1.1196099e-08,1.1454919e-08,0.00011555976,0.00023396088,4.240528e-05,0.99960774,9.72905e-08,9.923058e-08,1.18147334e-07
9.256696e-09,6.855304e-11,5.9340023e-06,0.0007985739,9.257062e-06,0.9991862,9.0021254e-11,1.03209e-08,9.252141e-09
2.3592249e-07,7.6303514e-10,1.5490712e-06,0.0018181881,2.2117206e-06,0.99817276,7.6413476e-10,4.9940436e-06,8.0158724e-10
6.6571324e-06,1.2452922e-05,0.0039302064,8.377686e-05,0.0004312693,0.9874801,2.2267534e-06,8.3409584e-05,0.007969853
6.6571324e-06,1.2452922e-05,0.0039302064,8.377686e-05,0.0004312693,0.9874801,2.2267534e-06,8.3409584e-05,0.007969853
8.8070614e-08,9.590168e-05,4.1699426e-05,2.1269047e-06,0.00071432616,0.99907887,8.971356e-06,1.0468247e-06,5.6887802e-05
1.1899449e-06,2.0169257e-07,2.79696e-07,1.8318492e-07,3.133031e-06,0.99982256,1.2247078e-06,1.9215904e-06,0.00016931685
1.7695621e-11,1.4127843e-14,5.713751e-08,1.2793247e-07,5.6925927e-12,0.9999999,1.0712025e-13,9.059613e-12,1.635086e-11
2.3091062e-11,1.9996059e-13,1.3505094e-07,2.0153e-06,9.423817e-11,0.99999785,6.61032e-14,1.5963867e-11,1.8726074e-09
1.0417712e-09,3.7192915e-11,4.8801775e-07,2.220573e-05,1.1127488e-06,0.9999763,4.5113868e-11,2.1792053e-08,3.62409e-10
7.965099e-08,1.9023776e-08,3.7528532e-06,3.2775351e-06,0.00069649494,0.99929464,2.7818459e-09,1.2765299e-06,4.705393e-07
0.0014700617,2.8857332e-05,0.010872204,1.9709512e-05,4.2426445e-06,0.96685,2.6902674e-06,0.000346347,0.0204059
2.195036e-09,1.5401377e-10,1.4108233e-05,4.2826243e-05,5.7178625e-07,0.9999424,5.8554367e-10,1.22394255e-08,1.4126704e-07
4.3112195e-06,9.647378e-05,2.2401173e-06,5.62909e-07,1.0149131e-06,0.9998878,1.6885538e-08,6.4902274e-06,1.0999183e-06
4.0079885e-06,2.441237e-06,0.00040194852,1.2599091e-05,3.359198e-08,0.99634105,1.1207718e-08,0.0032378982,8.479653e-10
3.0354e-06,1.0641359e-07,0.000490792,6.3197893e-07,1.9056084e-06,0.99945694,2.546027e-08,4.655581e-05,1.2030114e-08
3.0354e-06,1.0641359e-07,0.000490792,6.3197893e-07,1.9056084e-06,0.99945694,2.546027e-08,4.655581e-05,1.2030114e-08
4.7150115e-06,1.8908141e-06,0.0001839055,2.1209219e-06,1.9519441e-06,0.99962616,4.8602004e-07,0.00017873604,1.0716795e-08
5.7842077e-05,8.174527e-06,0.00093526416,1.0957917e-05,0.45310345,0.52226675,0.0001219979,0.023480654,1.5008181e-05
1.5167451e-07,1.15268236e-07,0.36576003,1.399212e-06,0.00015781353,0.6340788,7.0987505e-07,2.5931766e-07,5.655118e-07
4.323697e-06,1.4952611e-05,0.02363428,5.978935e-05,0.00072689104,0.9750505,0.00037754475,2.7337503e-05,0.00010429057
6.159431e-07,1.092991e-06,6.8561526e-06,8.5837364e-08,0.0006393451,0.9985072,0.00023149174,3.342717e-09,0.000613247
6.1594255e-07,1.09299e-06,6.856159e-06,8.5837364e-08,0.00063934544,0.9985072,0.0002314915,3.342717e-09,0.0006132467
1.2581775e-07,6.426166e-08,4.152827e-07,0.0010395385,5.9359736e-05,0.99889636,1.3466617e-07,8.3938225e-09,3.894472e-06
1.7164135e-07,4.9195023e-06,1.0219357e-05,4.6562275e-07,7.886692e-06,0.9999343,2.4358886e-07,4.147253e-08,4.1800537e-05
1.7164135e-07,4.9195023e-06,1.0219357e-05,4.6562275e-07,7.886692e-06,0.9999343,2.4358886e-07,4.147253e-08,4.1800537e-05
0.0009156306,0.0036104766,5.7463745e-07,5.9110276e-05,0.057971854,0.8971992,3.2202174e-06,0.04022613,1.3841817e-05
2.7607506e-08,5.472451e-10,0.00013930704,3.3834918e-11,2.693816e-08,2.0686388e-05,0.99983966,7.053152e-10,2.3555573e-07
4.019249e-07,4.7565244e-08,0.02231784,1.8097413e-08,2.2439322e-06,0.00017051658,0.9775084,1.6121213e-08,4.540801e-07
8.03449e-09,9.522286e-09,0.36337245,2.3459953e-10,1.6616913e-07,0.029925298,0.6067021,1.3458056e-09,1.1611982e-08
6.8433463e-09,1.182237e-08,0.0065113986,4.794917e-09,4.552866e-12,0.00010621799,0.99338126,9.244763e-07,5.4700294e-08
2.629179e-07,6.5305743e-09,3.1000607e-05,2.0058222e-09,1.5915319e-06,7.9084435e-05,0.9998535,2.5586981e-09,3.4464425e-05
1.0721112e-08,2.3157833e-09,0.00018035248,9.060037e-11,5.0714497e-08,0.00013582749,0.99968374,1.4196957e-09,6.005674e-10
0.00031331778,0.0009700205,0.09905315,0.00088982336,5.9636545e-06,0.0501423,0.8142722,0.033980444,0.0003727549
4.0693154e-05,1.780359e-06,0.0013214989,1.9424085e-07,0.00039231093,0.0059932717,0.9886565,2.616228e-07,0.0035935184
0.00056392216,0.0072185826,0.0015095557,2.8838302e-08,6.4924116e-10,0.008712821,0.9819828,6.5981194e-06,5.6537074e-06
6.372547e-07,3.5127578e-06,0.013670092,2.3319109e-09,6.4013106e-10,0.00011717409,0.98617804,3.9810277e-07,3.0207695e-05
3.2620878e-06,4.664531e-07,0.0002628105,2.9446725e-09,5.0909495e-08,0.0015773488,0.9981558,2.2828897e-07,5.6223683e-09
5.647675e-09,6.7617954e-08,0.0001796571,2.9170227e-12,8.854097e-09,3.7771847e-06,0.9998165,6.754674e-10,1.2234973e-07
8.498996e-08,1.5410272e-07,0.0033609616,1.19983765e-08,6.0647267e-06,8.3504245e-05,0.99654835,1.238912e-08,9.891052e-07
8.498996e-08,1.5410272e-07,0.0033609616,1.19983765e-08,6.0647267e-06,8.3504245e-05,0.99654835,1.238912e-08,9.891052e-07
2.0154127e-07,7.9896075e-05,0.0010065703,7.849514e-09,2.4372862e-06,0.0007763828,0.9981335,1.3145143e-07,8.039524e-07
3.5742135e-06,3.12999e-06,0.0017041758,1.3851375e-08,1.3877478e-06,2.3436722e-05,0.99826366,1.5829673e-07,3.6825733e-07
1.8330657e-06,1.9883805e-07,3.292259e-07,7.495776e-12,1.2565316e-07,9.116197e-06,0.9997354,1.7438252e-10,0.00025297079
4.4779432e-07,2.9257922e-06,3.878628e-05,3.08145e-08,1.0922331e-08,0.0002879792,0.9996662,3.2696175e-06,3.7836267e-07
4.4779432e-07,2.9257922e-06,3.878628e-05,3.08145e-08,1.0922331e-08,0.0002879792,0.9996662,3.2696175e-06,3.7836267e-07
4.8884374e-07,1.6362607e-06,0.0017533059,1.0245192e-08,2.5230215e-06,9.329983e-05,0.9981481,7.63586e-07,1.218609e-08
7.460287e-09,3.3300235e-10,4.8057118e-05,1.4858724e-12,2.1765723e-10,3.908119e-05,0.99991286,1.1743557e-11,2.819607e-10
7.460287e-09,3.3300235e-10,4.8057118e-05,1.4858724e-12,2.1765723e-10,3.908119e-05,0.99991286,1.1743557e-11,2.819607e-10
2.1318254e-05,7.451546e-05,0.003221451,1.2610902e-08,1.76846e-07,0.00045655444,0.9953126,3.712078e-05,0.0008761803
2.1318254e-05,7.451546e-05,0.003221451,1.2610902e-08,1.76846e-07,0.00045655444,0.9953126,3.712078e-05,0.0008761803
8.789545e-08,3.1509757e-05,0.00067855924,5.2622764e-09,2.9903266e-08,2.9846924e-05,0.99924123,2.784775e-06,1.5915444e-05
9.832147e-08,1.6821047e-06,0.00092472194,6.1999725e-11,1.8047099e-07,4.002565e-05,0.99901605,1.6078085e-08,1.7182634e-05
1.1193773e-05,2.2257863e-07,0.0020964995,8.805229e-07,3.4450713e-05,0.00077731785,0.99707186,4.0643736e-06,3.5550315e-06
1.7728238e-09,2.2404438e-09,9.104702e-05,1.9694207e-12,5.673596e-10,5.6836444e-07,0.9999082,1.7738581e-10,1.2702672e-07
1.7728238e-09,2.2404438e-09,9.104702e-05,1.9694207e-12,5.673596e-10,5.6836444e-07,0.9999082,1.7738581e-10,1.2702672e-07
1.3638433e-07,1.2629565e-06,0.0004656273,8.0191875e-10,1.1235741e-06,0.005122707,0.9944022,1.2884531e-08,6.9504417e-06
0.003969935,0.0067185904,0.0021711455,1.4873347e-05,3.108841e-08,0.007234469,0.032215986,0.6906253,0.2570496
1.0912079e-06,4.0164662e-07,0.045177717,1.5935084e-09,1.9854328e-08,0.00095626526,0.953723,1.881395e-08,0.00014146864
7.659693e-09,3.812622e-09,7.165773e-05,8.3940396e-11,5.849864e-08,1.675906e-05,0.99990475,2.7944955e-10,6.7749615e-06
0.00023325735,0.0011148327,0.16025943,5.6579647e-06,0.0028905228,0.60667694,0.17759307,2.3731767e-05,0.051202677
3.0546107e-05,1.4444281e-05,0.015734132,1.5830361e-05,0.0003421646,0.79415995,0.18338515,3.1560362e-06,0.006314614
1.0442034e-05,2.7225283e-06,0.07839601,6.4810215e-06,4.9599934e-05,0.0063719596,0.9151346,1.212066e-06,2.6971546e-05
0.00016327067,6.008147e-06,0.004135852,8.77636e-08,2.2670887e-08,0.00022778838,0.9954556,4.5008383e-06,6.860492e-06
2.4422434e-05,7.7540346e-07,0.46362662,1.5826614e-05,0.0010648975,0.002731501,0.49585903,1.3782889e-06,0.03667546
2.5689862e-05,3.8519383e-06,0.51482856,2.3220612e-07,0.0010828195,0.16407633,0.055856466,1.3865977e-07,0.26412594
1.6812193e-05,1.6460833e-06,0.16244572,2.323383e-06,3.89473e-05,0.0044879913,0.83298856,4.3692744e-06,1.3693436e-05
7.838364e-05,0.0003562621,0.02730835,5.9820854e-07,2.0545114e-05,0.2767904,0.6879964,3.492438e-06,0.0074455724
7.786476e-06,2.9272067e-07,1.0217878e-05,9.825719e-07,8.892783e-08,2.036163e-05,1.4372266e-11,0.9999603,7.416569e-10
4.067973e-06,5.6621452e-08,3.150674e-06,1.0964683e-06,2.7571785e-08,5.4351432e-05,9.837405e-12,0.9999373,8.975927e-11
3.1802304e-06,1.8219102e-07,1.10486e-05,5.29861e-07,3.600413e-08,6.402002e-05,3.593755e-10,0.99992096,4.1648405e-09
2.3160399e-06,3.9542854e-07,5.1961238e-06,6.039096e-07,1.5594385e-07,1.1398406e-05,9.045716e-10,0.99998,2.2995739e-09
7.4841773e-07,1.0918025e-07,7.977452e-06,5.826121e-07,2.9434492e-08,2.1020876e-05,6.5652234e-11,0.9999696,1.3957591e-09
8.736667e-07,2.5732593e-08,1.7846356e-06,3.9780215e-07,1.5223733e-09,5.9628408e-05,9.520494e-12,0.9999374,4.21363e-11
1.6971762e-06,5.6412596e-06,1.8656243e-05,8.86959e-08,4.283884e-09,2.3366476e-05,1.224002e-11,0.9999505,1.2380206e-09
0.00013752143,0.00046425415,2.5876327e-05,1.7357509e-07,1.1066297e-07,0.0003623014,3.7922418e-10,0.99900913,5.6845266e-07
0.15778309,0.0051445183,0.0023195646,6.2437e-05,0.001994871,0.70884794,1.1988604e-06,0.12290227,0.0009440743
2.2449714e-05,1.252756e-06,7.885258e-06,2.1332185e-07,5.1162816e-09,2.40142e-05,1.613776e-10,0.9999441,6.142029e-10
4.4329292e-05,2.6793692e-05,5.782911e-06,1.9382918e-05,4.209601e-06,0.013054754,8.62611e-09,0.9868029,4.173273e-05
2.7999663e-06,1.794232e-06,1.565781e-08,7.2404265e-07,1.7397854e-08,0.000359101,6.088668e-10,0.99963546,3.9068085e-10
3.6572725e-05,1.4782737e-05,1.7448501e-08,6.595127e-06,7.3690744e-06,7.79635e-05,1.2067009e-09,0.9998567,8.84748e-09
2.3745297e-06,0.14330508,4.2338175e-07,2.8664053e-09,1.6993267e-06,6.745925e-05,1.1406781e-08,0.8566228,2.2365973e-07
4.6088266e-07,0.0024581267,1.4721483e-05,7.2885062e-09,4.5760384e-08,5.195518e-06,3.9915022e-09,0.99752146,5.094685e-09
2.9862434e-08,0.0016706549,4.4896916e-07,2.0820199e-08,4.3646162e-09,4.647748e-06,1.6296009e-09,0.9983242,7.787452e-09
2.625091e-08,0.00042551936,8.321529e-08,3.0331023e-08,2.0267539e-08,2.7514744e-07,2.1483948e-10,0.9995741,2.170728e-10
4.002363e-08,1.1426401e-07,3.347176e-11,5.193259e-07,1.2772658e-06,1.2979198e-05,3.8417433e-12,0.9999851,7.232521e-13
9.872201e-08,3.2086334e-07,4.8536597e-09,1.3620398e-06,4.173658e-07,3.728268e-05,4.2331746e-11,0.99996066,7.4572924e-11
4.6767656e-10,1.1735007e-05,8.957258e-12,3.4294417e-10,8.325864e-12,1.0816966e-08,1.6624905e-13,0.9999882,4.917475e-13
2.0736048e-08,4.5828635e-08,8.2546775e-10,2.3519665e-06,7.4525964e-08,2.1597445e-05,5.469028e-12,0.9999758,6.629826e-13
9.947821e-09,0.00044099364,6.835551e-07,9.838448e-10,1.7329669e-09,2.0092781e-07,3.4660597e-10,0.99955803,2.5696129e-10
6.0755376e-08,0.0001259912,1.4507008e-07,1.2077689e-08,2.7837324e-09,5.74834e-07,5.556547e-10,0.99987316,6.7534345e-10
4.248732e-08,6.056779e-07,3.2569417e-10,3.0745622e-07,1.5966938e-08,6.79051e-06,3.4717323e-11,0.99999225,5.6162075e-11
5.3197575e-09,2.4731826e-06,1.4346289e-08,2.2194965e-07,4.1975577e-12,3.2590574e-06,6.560537e-12,0.99999404,1.801238e-11
1.03508155e-05,0.0010990447,1.1722561e-06,4.292096e-08,0.00030185652,0.00042645022,1.916102e-08,0.9981608,4.2436469e-07
6.8502536e-06,0.00011190178,1.4477611e-07,3.2325147e-06,4.8580155e-08,2.1077502e-05,4.191563e-06,0.9998522,3.3640012e-07
1.439436e-08,1.5805684e-07,3.8074752e-09,3.4498763e-07,6.1060557e-09,3.7396712e-06,1.8792818e-11,0.9999957,7.280865e-12
3.2165738e-07,0.00011348598,1.7526222e-09,1.5997168e-07,3.2880482e-07,3.5751807e-06,2.972758e-10,0.9998822,1.7676356e-09
1.668597e-07,3.7896957e-06,1.06521715e-10,5.7713504e-07,1.4506164e-09,3.9976085e-06,5.2680953e-09,0.9999914,1.0876356e-08
0.00078286196,5.8850114e-06,2.1360107e-08,3.562281e-08,1.1557779e-06,0.0007249058,9.449711e-10,0.99848515,6.779009e-10
2.6865647e-08,5.1990522e-05,6.2352846e-08,2.7022176e-09,1.6452734e-07,1.659192e-06,1.589262e-11,0.9999461,1.4631911e-09
2.2522859e-07,7.510856e-07,4.408586e-10,8.56516e-07,1.649511e-06,4.5750618e-05,7.674634e-11,0.99995077,2.0144738e-11
2.7193646e-05,0.039860483,3.0282345e-06,1.1061668e-08,0.00020019627,2.5010278e-05,1.9758597e-06,0.9598821,7.2358457e-09
9.1277604e-07,3.9163067e-05,8.383655e-07,4.7474387e-05,2.2436662e-08,0.00020879807,4.0201503e-08,0.99970263,8.647023e-08
2.8366774e-05,6.790554e-05,8.3090885e-07,5.7253353e-09,3.9760682e-05,1.929085e-05,2.4713698e-10,0.9998437,9.403219e-09
5.5431274e-06,1.0581725e-06,4.215796e-09,1.3301304e-05,2.3558828e-06,0.00053419237,9.886697e-10,0.9994435,1.8371139e-09
4.9502024e-08,2.2484157e-06,4.0035932e-08,8.9140464e-08,2.0379967e-09,1.9796886e-05,8.4268105e-12,0.9999777,4.672249e-10
9.5055675e-08,0.0005790706,0.00014329968,1.0387505e-07,1.7403023e-08,6.5137515e-06,7.722909e-10,0.99927086,3.2342605e-08
2.1142012e-07,2.0584657e-05,9.5054125e-09,9.493096e-08,2.4052866e-07,1.2093003e-06,4.993982e-10,0.9999776,1.1230876e-08
3.7120995e-07,0.0097093675,2.1310725e-06,5.468871e-06,1.3524952e-05,0.00065149105,2.997061e-07,0.98961675,6.570858e-07
1.5567615e-07,8.187729e-06,1.351617e-09,2.3355719e-07,2.323216e-07,6.148306e-06,1.0332332e-10,0.9999851,2.5759318e-11
4.488234e-08,1.6429869e-05,1.3810864e-08,4.059995e-09,1.0364387e-10,3.6796934e-07,1.3317495e-12,0.9999832,6.9065244e-12
3.746049e-08,1.22426045e-05,7.671607e-10,6.7261285e-09,9.549728e-10,7.458912e-07,4.7630528e-11,0.999987,4.404869e-11
1.8503567e-08,2.0707002e-05,2.343443e-07,4.460953e-08,2.6562878e-08,1.6007343e-05,6.759117e-14,0.99996305,8.129314e-13
1.1121691e-05,0.08890484,1.8975959e-06,2.122849e-08,1.5334854e-05,0.0004066416,9.233339e-07,0.9106591,1.2954365e-07
2.4834925e-09,4.726634e-06,1.4181332e-10,1.0901022e-08,1.2265561e-08,6.220119e-07,2.8584884e-12,0.99999464,1.2713313e-12
1.3226324e-10,2.0634752e-07,2.2631998e-09,9.164278e-08,5.0924567e-11,3.1125012e-06,6.920103e-13,0.99999654,4.846703e-12
4.162947e-08,6.4152115e-09,2.7503793e-09,2.7260722e-07,1.4118507e-08,1.1614395e-05,1.0969975e-11,0.9999882,2.9132952e-10
2.0440739e-06,0.00023778366,7.1358564e-09,5.3600495e-08,1.2187526e-07,5.8191203e-05,8.5076224e-10,0.9997018,5.044367e-11
0.000959677,0.0011325516,3.4596258e-07,1.1030779e-09,2.3825362e-06,5.052953e-06,8.786956e-07,0.99789906,3.1123687e-08
4.1721224e-10,3.6385168e-07,1.10108964e-10,9.06282e-09,1.2313508e-08,2.6128717e-07,8.1780074e-13,0.9999994,7.3320304e-14
6.387076e-10,2.3622775e-07,7.488028e-10,5.900734e-08,5.722638e-11,2.5029262e-06,2.2680553e-12,0.99999726,1.4115545e-11
4.6240104e-05,0.0006160762,0.00010372161,1.1280398e-05,0.0022254423,0.0036305054,2.237594e-06,0.9933442,2.033266e-05
3.190627e-09,5.4092556e-07,1.5005405e-08,1.4681162e-07,3.2369245e-09,7.927578e-06,1.8589992e-11,0.9999914,6.041808e-11
4.149774e-11,3.331886e-08,6.48255e-11,8.967889e-09,7.3953343e-10,6.415387e-08,3.7556875e-14,0.9999999,6.374601e-15
3.857088e-05,0.00010582707,9.575156e-06,2.6528712e-08,0.00019037088,3.0219926e-06,9.319957e-08,0.9996525,3.573793e-08
1.5884632e-10,2.3786276e-07,1.0346598e-11,2.2063311e-09,7.4544836e-11,1.2591192e-07,7.8225257e-13,0.99999964,1.3030938e-12
8.303085e-07,9.711285e-08,2.6743118e-08,3.0921278e-06,1.266266e-08,0.0003676205,4.4382727e-11,0.9996283,4.2059533e-11
3.0444075e-10,4.9384903e-06,2.5954881e-08,1.10292845e-07,2.1762014e-09,1.146928e-06,4.1293382e-11,0.9999938,2.9017014e-12
1.2720004e-09,8.450982e-07,1.9822608e-09,8.5771966e-08,1.8762561e-08,5.391772e-07,3.6548025e-11,0.99999845,6.838738e-13
4.214265e-09,8.683426e-06,4.4944546e-09,3.0674745e-08,7.1404327e-07,7.829496e-07,1.7217384e-11,0.99998987,1.5972496e-13
7.5505777e-06,2.8410432e-05,2.259044e-10,8.283731e-08,2.438462e-06,5.7194147e-06,8.872842e-10,0.9999558,1.0009811e-10
1.8960009e-07,0.00011879177,3.6758723e-09,1.6466128e-09,4.548992e-10,1.1887739e-07,1.6055067e-11,0.9998808,9.8697224e-11
1.1682246e-11,1.5777137e-07,6.6482987e-12,6.325722e-10,2.0138435e-10,6.5651036e-09,1.0782885e-14,0.9999999,2.4818783e-15
1.8949084e-08,5.9901464e-05,5.658369e-09,7.631325e-12,4.490778e-09,4.3990433e-08,2.4368982e-10,0.99994004,1.3473463e-11
0.00059659895,1.5838962e-06,2.5466357e-05,4.252703e-08,8.057063e-06,5.5048877e-06,6.75758e-08,0.99936265,4.4357096e-09
7.96013e-09,1.5377476e-07,7.1938414e-11,1.3546244e-08,8.2982426e-11,1.2929852e-06,5.231175e-13,0.99999857,2.0804946e-11
5.5050275e-08,2.7713377e-06,3.5559997e-09,2.875115e-07,1.6087287e-09,0.000107285574,2.1725432e-11,0.9998896,1.3973991e-10
3.0534293e-06,3.935288e-07,1.9263468e-06,3.8652598e-08,7.47847e-09,2.7780523e-05,1.4404229e-10,0.99996686,6.1397936e-09
6.25357e-11,9.595261e-07,1.660041e-09,7.534385e-08,4.5245124e-11,1.3284985e-06,1.7416013e-12,0.9999976,1.1486016e-12
3.9221737e-09,4.3122935e-07,4.0633846e-12,2.248792e-08,1.9939327e-10,5.3490055e-07,2.9687333e-12,0.99999905,6.2752256e-12
6.877317e-08,1.8943663e-05,1.3088284e-09,4.5625043e-07,1.7138484e-06,4.893476e-05,9.767988e-11,0.9999299,3.2758938e-11
2.9729665e-07,1.3773761e-06,2.589515e-08,6.0223365e-06,7.517962e-08,0.00011277111,1.8508327e-09,0.99987936,7.5540757e-10
1.6471525e-08,1.7954856e-06,4.9264587e-10,4.546765e-07,5.647058e-07,2.8640084e-06,4.9474924e-11,0.9999943,9.30366e-11
9.7301604e-11,1.040786e-07,6.3474334e-12,1.689451e-09,1.298971e-10,7.285671e-09,4.1473782e-14,0.9999999,9.224543e-13
7.6350494e-07,0.00010681573,5.494953e-05,4.6100936e-09,3.2703162e-10,1.1989801e-05,7.86545e-12,0.99982554,4.9516913e-10
1.0348028e-09,4.1077163e-07,3.098723e-12,1.6601899e-09,4.347616e-10,6.760389e-08,8.619023e-12,0.9999995,5.6053752e-11
2.3277673e-07,3.145019e-06,1.7165124e-07,1.3094652e-05,1.7845772e-05,0.0013040177,2.2906796e-09,0.9986615,4.4457535e-10
8.8547003e-10,6.4495507e-09,3.251427e-11,1.2887126e-07,1.924613e-09,3.826984e-07,5.6165823e-14,0.9999995,1.0914367e-12
1.412478e-06,9.098984e-07,1.3357042e-09,1.2700025e-07,4.536141e-09,1.647309e-05,3.9836127e-11,0.99998105,4.0216506e-09
2.5434845e-05,0.024449924,1.1885213e-05,6.60241e-08,9.411379e-06,0.00012648504,3.1392244e-07,0.9753764,9.178734e-08
4.528004e-06,1.6324375e-05,2.2388207e-09,8.049608e-06,9.078066e-09,6.222312e-05,5.6955884e-09,0.9999083,4.410167e-07
1.058869e-08,1.3299793e-07,4.056014e-10,1.0106112e-06,3.861787e-07,7.811316e-06,3.4172428e-12,0.9999907,8.282925e-13
1.2017163e-07,1.0384672e-08,1.5701012e-09,2.2245139e-07,4.4998746e-10,7.725418e-06,6.0048837e-12,0.9999919,1.6799159e-10
1.200648e-07,2.4898502e-06,9.0106575e-11,5.376776e-07,1.8791066e-07,5.65678e-07,3.5875296e-11,0.99999595,1.890104e-09
1.680085e-08,5.7439733e-09,2.1323483e-10,2.4218853e-06,1.3668891e-07,1.835058e-05,8.305895e-13,0.99997914,3.7278246e-11
1.0780515e-06,1.7951675e-06,2.1696795e-09,4.7822627e-06,3.2490993e-07,2.0399002e-05,7.249187e-10,0.9999716,1.6044487e-08
0.0001950153,0.0061973105,4.69716e-06,0.00045414103,0.0008742872,0.005051467,3.613046e-05,0.9871715,1.5513e-05
1.6161361e-07,8.3084944e-07,3.1984555e-08,2.7807477e-05,2.1218589e-06,0.0010954727,1.8659514e-09,0.99887353,4.6131897e-11
8.34232e-06,1.8826047e-07,0.000114033784,4.165283e-06,1.7973398e-05,0.0006351096,9.186841e-10,0.99922013,3.657561e-08
6.0404484e-05,2.3395633e-05,1.415917e-07,1.279939e-06,9.5249646e-08,0.0020327,7.513319e-10,0.99788195,2.6004118e-08
2.047345e-10,2.6289246e-09,6.576437e-12,2.5922342e-08,3.5658147e-08,2.8250184e-08,2.475215e-13,1.0,2.2276481e-13
1.2079224e-07,5.0900264e-05,1.6099433e-11,1.742136e-07,2.5682118e-10,1.5989366e-06,5.6522634e-08,0.9999472,2.236344e-08
4.1587245e-07,0.015871588,0.0013302477,3.1152858e-08,8.877642e-07,2.8133104e-06,1.1383609e-09,0.9827939,1.8418608e-07
5.865191e-06,1.7279572e-05,3.3558056e-08,9.893174e-06,1.44561e-05,0.0008191762,3.3151584e-09,0.9991333,1.4499466e-09
5.746969e-08,3.500686e-07,6.388801e-10,1.9204608e-06,2.435199e-11,1.2532727e-05,1.865002e-09,0.9999851,9.447603e-10
5.603734e-06,0.00015124376,1.9268696e-06,3.6401038e-09,1.0250738e-08,1.7049105e-06,1.6136633e-09,0.99983954,5.628234e-09
8.519115e-08,4.5807996e-05,5.747075e-08,4.1940424e-09,1.4011785e-09,1.6611327e-07,9.0493404e-11,0.99995387,1.4480573e-09
6.762079e-08,1.8688453e-06,1.2209509e-08,1.6546736e-07,3.179891e-07,8.204101e-05,4.5999635e-11,0.9999156,1.8596605e-10
7.621895e-09,1.8282705e-06,1.154817e-09,3.7066336e-08,3.6850942e-10,6.9054026e-06,1.0353475e-12,0.9999913,4.1029253e-11
4.72432e-11,2.4507233e-07,1.0366332e-09,3.2001658e-08,7.8067726e-11,1.0789313e-06,4.3584923e-12,0.9999987,1.1857712e-12
1.920281e-10,1.9205324e-08,5.57534e-10,1.0767992e-08,2.3921849e-11,2.5099853e-06,6.8888986e-13,0.9999975,3.0815242e-12
1.2202049e-08,1.9230667e-05,1.4472671e-08,5.9037145e-08,6.080785e-07,8.185825e-06,1.0353641e-10,0.999972,1.1985346e-11
1.9406464e-08,1.04162645e-07,1.7134362e-10,4.4200746e-08,1.297602e-10,9.196417e-06,6.8399767e-13,0.9999907,2.8639851e-11
2.4494639e-05,9.667006e-05,0.07004226,1.7183429e-06,0.0001305405,0.0032610332,4.197967e-08,0.9264428,3.9551216e-07
5.922053e-09,6.358384e-08,1.2365069e-09,4.0715688e-07,3.8282133e-09,7.884085e-06,1.3027515e-10,0.99999166,2.9669542e-10
2.3721672e-08,3.008134e-05,1.4594018e-09,2.0533928e-09,4.099513e-11,4.5707807e-08,2.0753062e-11,0.99996984,8.751772e-12
1.2676182e-06,1.4584331e-05,1.0053241e-08,1.2691266e-06,8.363987e-05,0.002543035,1.8463653e-10,0.9973562,4.403912e-10
1.672691e-07,3.025479e-06,3.3459566e-10,1.016916e-06,8.0868965e-09,2.0967367e-05,1.9431211e-10,0.99997485,2.1588495e-10
5.729038e-09,8.020775e-06,1.8372477e-08,1.701667e-08,8.628166e-10,5.157419e-06,1.199358e-10,0.99998677,5.1276115e-11
5.684829e-07,0.00071829313,3.5842285e-07,5.618302e-06,1.1572464e-05,5.9285576e-05,9.606012e-08,0.9992042,1.13081775e-08
2.9235436e-09,1.0671669e-06,4.391181e-08,8.95338e-08,1.3196383e-09,3.2707947e-06,6.934293e-11,0.9999956,7.4004074e-11
2.009367e-06,6.528737e-05,5.151183e-07,6.0885497e-10,6.652126e-08,1.4655602e-06,2.3020508e-08,0.9999306,9.86589e-10
1.6921878e-10,1.6932556e-07,4.614056e-12,9.569632e-10,1.0095378e-11,3.3605946e-07,9.276052e-14,0.9999995,7.869129e-12
1.8638814e-12,4.1519097e-08,2.0510596e-12,1.3375676e-09,5.97437e-13,6.803117e-08,1.8400102e-16,0.9999999,1.5707508e-14
3.0838845e-09,3.0880006e-08,2.9121632e-11,1.6239515e-07,5.924811e-11,6.82786e-06,2.2356603e-13,0.99999297,3.2946552e-11
1.1220825e-07,1.24934395e-05,3.1141514e-08,7.8207385e-08,3.32891e-07,4.8483807e-06,1.7137098e-09,0.9999821,1.573383e-10
9.622337e-09,8.9998714e-08,5.7315275e-10,6.961939e-08,1.4568429e-09,1.6174982e-06,3.3420445e-12,0.9999982,8.408264e-12
7.800887e-05,0.00036425298,1.0979211e-06,8.0719076e-08,5.5457702e-05,6.3171055e-06,3.0395154e-07,0.9994943,7.479275e-08
3.1071684e-06,1.9767795e-06,1.8645775e-08,7.817256e-06,2.5790438e-05,0.0017856663,1.7499473e-10,0.9981756,5.5203504e-09
6.8681655e-10,2.4457958e-07,1.2348657e-10,2.351818e-09,4.702708e-12,5.436677e-07,3.8557872e-13,0.99999917,1.8057595e-12
9.122629e-09,4.4795908e-07,3.117663e-11,1.7284862e-07,2.777489e-09,2.5551823e-05,5.3019283e-11,0.9999739,1.0609101e-10
1.9200135e-08,9.672655e-07,8.1346524e-10,8.351429e-08,3.550217e-10,1.7838294e-05,1.0032347e-11,0.99998105,1.10844015e-10
4.6778194e-08,1.1224267e-07,2.1647237e-10,1.5383642e-07,2.255167e-07,2.92405e-05,1.2106957e-12,0.9999703,6.230968e-11
4.895939e-09,6.5070335e-06,7.769701e-10,1.0553087e-09,1.3807429e-11,1.3180111e-08,9.0392353e-13,0.99999344,5.476849e-12
3.4577656e-06,0.00027820808,2.553353e-08,6.490909e-11,1.1466697e-06,6.204475e-08,6.0805014e-08,0.99971706,9.65193e-11
1.6146892e-05,3.6784554e-06,6.644653e-07,1.5797072e-07,8.5381835e-08,0.00014330252,5.240633e-12,0.99983597,6.7722217e-10
7.6943074e-08,2.723496e-07,5.1368096e-07,4.607842e-06,1.7865748e-08,0.00026981084,1.9110732e-10,0.9997247,3.0859603e-11
2.36675e-06,0.00038573565,4.938348e-07,2.0190132e-06,2.101642e-09,0.00079315715,7.2405626e-10,0.99881625,8.051287e-09
5.6504273e-06,1.14075165e-05,4.5809827e-07,1.22477595e-05,5.855862e-08,0.00013243144,2.5693822e-07,0.99982905,8.365885e-06
5.6504273e-06,1.14075165e-05,4.5809827e-07,1.22477595e-05,5.855862e-08,0.00013243144,2.5693822e-07,0.99982905,8.365885e-06
3.6005993e-05,0.022223363,1.27910735e-05,4.1846327e-08,1.27239e-13,0.97772765,5.5721586e-08,3.78241e-09,1.4293977e-07
0.0036595792,1.3279915e-06,5.6255044e-07,2.8846125e-09,3.3089853e-07,7.141071e-05,6.8889017e-06,2.4062167e-06,0.9962574
0.00012075132,0.0005403051,0.000493309,6.991854e-08,0.009537353,0.056383472,0.00011892881,6.213864e-06,0.9327996
0.0014524539,0.0061374535,9.739744e-07,2.4693304e-07,0.010332432,0.8012528,3.138032e-05,0.01093955,0.16985272
0.00048205166,4.7345948e-06,3.968166e-12,2.2539446e-12,7.214385e-06,1.2152982e-05,1.1121604e-09,8.129227e-11,0.9994937
0.0001056614,4.074065e-05,1.0642122e-07,1.3171057e-10,3.0545885e-05,4.4526237e-06,2.0854392e-07,5.4461793e-06,0.9998128
0.004227017,0.0021329764,9.641825e-10,1.6229573e-10,0.002817692,0.006023183,1.649079e-07,1.1608149e-08,0.9847991
0.0008406529,0.0015938381,6.565906e-10,1.6198498e-10,3.9855986e-05,0.0008364911,1.6907867e-07,8.858819e-09,0.99668914
0.004133254,0.555309,8.8385705e-06,3.6196325e-06,0.050565824,0.27350914,3.268195e-06,0.10830412,0.008162937
0.0024380255,0.00011172098,1.0085163e-06,1.2961762e-08,0.00023320121,0.0200178,1.2317544e-05,2.5022877e-07,0.9771857
1.8740029e-06,5.1200086e-06,5.388215e-11,1.5729326e-12,3.5182018e-06,1.388823e-05,1.371416e-08,5.714489e-10,0.99997556
0.009326436,0.0023233562,6.998202e-08,1.29401885e-08,0.0016706394,0.0015947109,8.16729e-06,1.39206e-07,0.9850765
1.614918e-05,0.002374444,0.067685425,1.6281709e-05,0.48638353,0.08470074,0.0005902735,4.1252344e-05,0.35819188
2.4212382e-06,4.907311e-09,1.5586421e-08,3.9928295e-06,8.878734e-05,0.00012610394,3.85321e-09,4.601672e-09,0.9997787
7.314724e-07,2.317804e-07,1.4339253e-05,3.3255304e-08,0.00056215527,0.00084710505,0.00031736286,1.955609e-08,0.99825805
7.224837e-05,1.7272707e-06,0.0012714263,0.00060300785,0.0065447176,0.4102616,6.491752e-06,2.626181e-06,0.5812361
1.4661998e-05,2.2697104e-05,0.0027458665,1.7461189e-05,0.00536139,0.0032259854,0.0048135514,5.539376e-06,0.9837928
1.2337628e-05,1.6974387e-05,0.00014299736,1.8172319e-06,0.00017564253,0.0026291602,0.004843099,9.008953e-08,0.9921779
2.9559267e-05,0.108790204,0.72825617,2.3016696e-07,0.035155345,0.12178368,0.005448704,0.00014988471,0.00038631842
8.709192e-08,1.2197977e-07,4.262997e-07,9.648874e-07,7.419496e-06,0.0029525051,3.2767158e-08,1.6952163e-09,0.9970385
0.00058945996,0.0005742225,0.6846244,1.6859336e-05,0.00026195796,0.030837912,0.09034403,5.6503843e-05,0.19269471
3.7476123e-06,4.78844e-06,6.8714185e-06,0.0002912154,0.00083857117,0.0306473,2.6482965e-06,2.742035e-07,0.96820474
1.2187277e-07,2.2928594e-07,1.4487959e-08,4.204227e-07,1.9786164e-07,0.0009620136,3.932774e-10,8.2494456e-10,0.999037
4.0682107e-08,2.1987747e-08,5.696805e-08,3.6460385e-08,3.6215585e-08,0.0018355891,1.9460433e-10,1.797309e-10,0.99816436
4.0682107e-08,2.1987747e-08,5.696805e-08,3.6460385e-08,3.6215585e-08,0.0018355891,1.9460433e-10,1.797309e-10,0.99816436
2.5599425e-06,2.7036906e-06,3.967778e-05,1.2719726e-05,0.00035676983,0.00036584047,4.4184112e-08,2.2669061e-08,0.9992198
4.098355e-09,3.0037913e-08,6.261204e-08,4.3061996e-07,3.6868391e-06,0.0016050914,1.0088083e-10,1.459581e-09,0.9983907
0.0005340398,7.326399e-05,1.5591755e-05,1.077866e-07,1.3548961e-05,0.0042661787,7.2235875e-05,4.979795e-06,0.99502015
5.0751382e-06,1.5268221e-06,9.542102e-06,3.79427e-09,1.1350963e-05,0.0006694591,7.964487e-06,1.3179902e-08,0.999295
7.0780584e-06,1.3222046e-06,0.00010200401,1.3342978e-06,1.9882622e-05,0.00056431815,0.0008399673,2.8841222e-07,0.99846387
2.1363524e-06,5.086141e-06,1.1542564e-06,7.858617e-07,0.0007580503,0.0009818595,6.1835783e-07,4.483072e-07,0.9982498
5.158835e-08,2.191327e-07,2.7081903e-08,3.7959413e-09,6.512386e-06,2.603484e-05,1.3250047e-06,1.4830823e-09,0.9999659
1.8653164e-07,3.8542107e-09,1.8503061e-07,1.2156236e-06,1.12922235e-05,0.0010048838,2.0672554e-10,6.2871486e-10,0.99898213
3.2721377e-06,2.7929712e-08,8.664145e-05,0.0005838785,5.8799345e-05,0.005084139,2.3583432e-10,2.844788e-09,0.99418324
1.733551e-08,2.1152718e-07,3.4592238e-06,1.2661832e-06,2.3832137e-05,0.0020906443,3.20548e-10,6.45648e-09,0.9978807
1.733551e-08,2.1152718e-07,3.4592238e-06,1.2661832e-06,2.3832137e-05,0.0020906443,3.20548e-10,6.45648e-09,0.9978807
1.8197205e-09,1.873096e-09,2.7722744e-11,2.3293762e-09,8.305457e-10,4.4870476e-06,1.3190013e-13,1.4058605e-12,0.99999547
4.20596e-05,1.304394e-05,1.0181959e-05,9.160358e-08,5.941551e-05,0.03688199,0.00017394262,1.7415731e-07,0.96281916
4.20596e-05,1.304394e-05,1.0181959e-05,9.160358e-08,5.941551e-05,0.03688199,0.00017394262,1.7415731e-07,0.96281916
4.7545018e-07,1.0207393e-07,1.3963714e-05,2.7367902e-05,5.1818588e-05,0.00020560113,2.0984947e-08,2.513141e-08,0.99970067
4.7545018e-07,1.0207393e-07,1.3963714e-05,2.7367902e-05,5.1818588e-05,0.00020560113,2.0984947e-08,2.513141e-08,0.99970067
4.047916e-07,4.1203677e-07,4.2255984e-08,3.68041e-06,5.1906063e-06,0.0029547275,3.9581867e-09,4.277584e-09,0.9970356
3.024768e-05,1.1923284e-07,1.2133216e-06,1.548309e-07,0.0038543162,0.0009771631,0.00015323846,9.5840086e-08,0.99498355
3.024768e-05,1.1923284e-07,1.2133216e-06,1.548309e-07,0.0038543162,0.0009771631,0.00015323846,9.5840086e-08,0.99498355
3.024768e-05,1.1923284e-07,1.2133216e-06,1.548309e-07,0.0038543162,0.0009771631,0.00015323846,9.5840086e-08,0.99498355
1.3838125e-07,1.037824e-06,7.104254e-08,5.6303327e-07,6.6033506e-05,0.0034917318,1.9330584e-09,3.224864e-09,0.99644035
8.440987e-07,1.812679e-06,4.2913803e-07,5.1652364e-06,1.0117989e-05,0.06531688,5.400032e-09,5.378268e-10,0.93466467
2.509823e-07,3.0423814e-06,8.935099e-06,0.00013707962,2.9567083e-05,0.99957603,8.988177e-09,1.1003648e-07,0.00024490536
1.1549727e-06,0.00014617584,0.000116979805,0.00026496136,0.5796336,0.06156931,4.5724732e-06,2.6452025e-07,0.35826305
2.1930593e-06,8.84021e-05,5.2341504e-05,9.658742e-08,0.0008308696,0.0011173867,0.00011656809,9.225235e-07,0.9977913
2.733919e-06,3.5531832e-06,0.0032862811,0.00028178556,0.00060605555,0.96353567,1.9643818e-07,7.871853e-07,0.032282956
0.00029552652,0.00040758666,0.0077516907,1.3911786e-05,0.008763944,0.3336038,0.13070433,1.4938982e-05,0.5184442
1.9716865e-05,3.2224904e-07,2.3962373e-08,2.1777456e-08,2.5764388e-05,0.011270254,9.3546895e-09,2.843901e-10,0.9886839
2.457121e-05,2.9239762e-05,0.00025425057,0.00032581913,0.47828275,0.3702568,3.0336449e-05,2.9948594e-06,0.15079322
0.003753431,1.9458897e-05,1.2813687e-05,1.9684826e-06,0.0004003485,0.02301713,0.0002318504,3.0891058e-06,0.97256
